{
  "session_summary": {
    "total_frames_processed": 10,
    "distinct_people_identified": {
      "1": {
        "assigned_name": "Person 1",
        "appeared_in_frame_indices": [
          0,
          1,
          2,
          3,
          4,
          5,
          6,
          7,
          8,
          9
        ]
      },
      "2": {
        "assigned_name": "Person 2",
        "appeared_in_frame_indices": [
          0,
          1,
          2,
          3,
          4,
          5,
          6,
          7,
          8,
          9
        ]
      },
      "3": {
        "assigned_name": "Person 3",
        "appeared_in_frame_indices": [
          0,
          1,
          2,
          9
        ]
      },
      "4": {
        "assigned_name": "Person 4",
        "appeared_in_frame_indices": [
          7
        ]
      }
    }
  },
  "frame_by_frame_analysis": [
    {
      "frame_identifier": "frame_008100.jpg",
      "people_in_frame": [
        {
          "name": "Person 1",
          "emotion_detected": {
            "angry": 6.9185179125379275,
            "disgust": 2.869294084599853e-07,
            "fear": 0.2835413377235137,
            "happy": 6.279333694258105e-06,
            "sad": 92.66366914890224,
            "surprise": 6.993707516847401e-12,
            "neutral": 0.1342669907892937
          },
          "gaze_info": {
            "unnormalized_gaze_point": {
              "x": 154,
              "y": 149
            },
            "gaze_target": "Person 2",
            "target_profile_id": 2
          }
        },
        {
          "name": "Person 2",
          "emotion_detected": {
            "angry": 0.018724581993532597,
            "disgust": 5.847032408423838e-10,
            "fear": 11.420395905995125,
            "happy": 0.1015413613046027,
            "sad": 17.44428977038203,
            "surprise": 9.848096063619618,
            "neutral": 61.1669517258973
          },
          "gaze_info": {
            "unnormalized_gaze_point": {
              "x": 338,
              "y": 108
            },
            "gaze_target": "other"
          }
        },
        {
          "name": "Person 3",
          "emotion_detected": {
            "angry": 0.024358148220926523,
            "disgust": 0.0007195906164270127,
            "fear": 86.93187832832336,
            "happy": 0.053628801833838224,
            "sad": 12.954248487949371,
            "surprise": 0.004658251418732107,
            "neutral": 0.030511387740261853
          },
          "gaze_info": {
            "gaze_target": "camera"
          }
        }
      ]
    },
    {
      "frame_identifier": "frame_008130.jpg",
      "people_in_frame": [
        {
          "name": "Person 1",
          "emotion_detected": {
            "angry": 0.738481106236577,
            "disgust": 1.0976016762143104e-07,
            "fear": 0.02509836049284786,
            "happy": 0.0006946725534362486,
            "sad": 94.39374804496765,
            "surprise": 5.563511890765982e-11,
            "neutral": 4.84197735786438
          },
          "gaze_info": {
            "unnormalized_gaze_point": {
              "x": 153,
              "y": 149
            },
            "gaze_target": "Person 2",
            "target_profile_id": 2
          }
        },
        {
          "name": "Person 2",
          "emotion_detected": {
            "angry": 3.46498042345047,
            "disgust": 0.002213682273577433,
            "fear": 4.129255935549736,
            "happy": 0.06497962749563158,
            "sad": 17.734242975711823,
            "surprise": 0.6272712722420692,
            "neutral": 73.97705316543579
          },
          "gaze_info": {
            "gaze_target": "camera"
          }
        },
        {
          "name": "Person 3",
          "emotion_detected": {
            "angry": 0.5145808999740005,
            "disgust": 7.188695003845504e-06,
            "fear": 70.43092603314804,
            "happy": 28.67159501652777,
            "sad": 0.3828676659548085,
            "surprise": 3.6513159251049674e-07,
            "neutral": 1.2548754493954812e-05
          },
          "gaze_info": {
            "gaze_target": "camera"
          }
        }
      ]
    },
    {
      "frame_identifier": "frame_008160.jpg",
      "people_in_frame": [
        {
          "name": "Person 1",
          "emotion_detected": {
            "angry": 0.08012049947865307,
            "disgust": 4.587869586380437e-15,
            "fear": 1.2678361497819424,
            "happy": 3.136181305762875e-05,
            "sad": 16.66661649942398,
            "surprise": 3.818000017132024e-15,
            "neutral": 81.98539614677429
          },
          "gaze_info": {
            "unnormalized_gaze_point": {
              "x": 153,
              "y": 149
            },
            "gaze_target": "Person 2",
            "target_profile_id": 2
          }
        },
        {
          "name": "Person 2",
          "emotion_detected": {
            "angry": 0.05663443589583039,
            "disgust": 0.0016499810953973792,
            "fear": 15.363173186779022,
            "happy": 0.0038982470869086683,
            "sad": 0.07631141925230622,
            "surprise": 84.1332733631134,
            "neutral": 0.3650602884590626
          },
          "gaze_info": {
            "gaze_target": "camera"
          }
        },
        {
          "name": "Person 3",
          "emotion_detected": {
            "angry": 0.00048048824553784954,
            "disgust": 7.420848820780063e-06,
            "fear": 82.11183334730069,
            "happy": 2.4908851076227556,
            "sad": 12.020940276496443,
            "surprise": 0.015247568443127685,
            "neutral": 3.360608620716169
          },
          "gaze_info": {
            "gaze_target": "camera"
          }
        }
      ]
    },
    {
      "frame_identifier": "frame_008190.jpg",
      "people_in_frame": [
        {
          "name": "Person 1",
          "emotion_detected": {
            "angry": 0.011479950583043358,
            "disgust": 3.6461523868669536e-16,
            "fear": 1.5183893006079971,
            "happy": 3.915666602317402e-06,
            "sad": 14.439182844113281,
            "surprise": 2.8507430228566684e-14,
            "neutral": 84.03094315713305
          },
          "gaze_info": {
            "unnormalized_gaze_point": {
              "x": 153,
              "y": 145
            },
            "gaze_target": "Person 2",
            "target_profile_id": 2
          }
        },
        {
          "name": "Person 2",
          "emotion_detected": {
            "angry": 1.9597034206809651,
            "disgust": 0.0017662048010151901,
            "fear": 68.19208074760918,
            "happy": 0.004609321242311559,
            "sad": 10.753697052818362,
            "surprise": 8.925524140925654,
            "neutral": 10.162620107091671
          },
          "gaze_info": {
            "gaze_target": "camera"
          }
        }
      ]
    },
    {
      "frame_identifier": "frame_008220.jpg",
      "people_in_frame": [
        {
          "name": "Person 1",
          "emotion_detected": {
            "angry": 0.00019261258330516284,
            "disgust": 4.240628522711356e-17,
            "fear": 0.0007241860657813959,
            "happy": 2.025127678398353e-10,
            "sad": 99.96719360351562,
            "surprise": 5.226989328768548e-20,
            "neutral": 0.03188733826391399
          },
          "gaze_info": {
            "unnormalized_gaze_point": {
              "x": 142,
              "y": 153
            },
            "gaze_target": "Person 2",
            "target_profile_id": 2
          }
        },
        {
          "name": "Person 2",
          "emotion_detected": {
            "angry": 0.07544958948043522,
            "disgust": 4.58735576889445e-08,
            "fear": 5.400473946361181,
            "happy": 6.719202874910188e-05,