{
  "session_summary": {
    "total_frames_processed": 10,
    "distinct_people_identified": {
      "1": {
        "assigned_name": "Person 1",
        "appeared_in_frame_indices": [
          0,
          1,
          2,
          3,
          4,
          5,
          6,
          7,
          8,
          9
        ]
      },
      "2": {
        "assigned_name": "Person 2",
        "appeared_in_frame_indices": [
          0,
          1,
          2,
          3,
          4,
          5,
          6,
          7,
          8,
          9
        ]
      },
      "3": {
        "assigned_name": "Person 3",
        "appeared_in_frame_indices": [
          7,
          9
        ]
      },
      "4": {
        "assigned_name": "Person 4",
        "appeared_in_frame_indices": [
          7,
          8,
          9
        ]
      }
    }
  },
  "frame_by_frame_analysis": [
    {
      "frame_identifier": "frame_017700.jpg",
      "people_in_frame": [
        {
          "name": "Person 1",
          "emotion_detected": {
            "angry": 1.939209071100123e-08,
            "disgust": 1.3893675052249456e-16,
            "fear": 5.529440566897392,
            "happy": 0.0017389684217050672,
            "sad": 1.9893540981197333e-08,
            "surprise": 94.46852803230286,
            "neutral": 0.0002956365733552957
          },
          "gaze_info": {
            "unnormalized_gaze_point": {
              "x": 219,
              "y": 201
            },
            "gaze_target": "other"
          }
        },
        {
          "name": "Person 2",
          "emotion_detected": {
            "angry": 17.88442666716258,
            "disgust": 0.31751548811608693,
            "fear": 4.277265679566183,
            "happy": 13.905402850460666,
            "sad": 0.1467245223180029,
            "surprise": 63.45231372686461,
            "neutral": 0.01634760070127166
          },
          "gaze_info": {
            "gaze_target": "camera"
          }
        }
      ]
    },
    {
      "frame_identifier": "frame_017730.jpg",
      "people_in_frame": [
        {
          "name": "Person 2",
          "emotion_detected": {
            "angry": 0.298614869825542,
            "disgust": 1.198637812584663e-15,
            "fear": 0.3994925878942013,
            "happy": 8.205261557009402e-11,
            "sad": 70.9160327911377,
            "surprise": 4.052290870966454e-17,
            "neutral": 28.38585674762726
          },
          "gaze_info": {
            "unnormalized_gaze_point": {
              "x": 136,
              "y": 133
            },
            "gaze_target": "Person 1",
            "target_profile_id": 1
          }
        },
        {
          "name": "Person 1",
          "emotion_detected": {
            "angry": 0.08607752970419824,
            "disgust": 9.740924429915698e-11,
            "fear": 21.954792737960815,
            "happy": 6.113929629236736e-06,
            "sad": 1.0475555434823036,
            "surprise": 0.008659522427478805,
            "neutral": 76.90291404724121
          },
          "gaze_info": {
            "unnormalized_gaze_point": {
              "x": 233,
              "y": 253
            },
            "gaze_target": "other"
          }
        }
      ]
    },
    {
      "frame_identifier": "frame_017760.jpg",
      "people_in_frame": [
        {
          "name": "Person 2",
          "emotion_detected": {
            "angry": 4.038355072566446e-06,
            "disgust": 3.757944765412746e-23,
            "fear": 2.3330730414272693e-05,
            "happy": 3.928514805129346e-09,
            "sad": 0.1941452268511057,
            "surprise": 2.886679795947854e-19,
            "neutral": 99.80582594871521
          },
          "gaze_info": {
            "unnormalized_gaze_point": {
              "x": 136,
              "y": 124
            },
            "gaze_target": "Person 1",
            "target_profile_id": 1
          }
        },
        {
          "name": "Person 1",
          "emotion_detected": {
            "angry": 0.04686415195465088,
            "disgust": 5.514141671799399e-23,
            "fear": 1.453548481578082e-06,
            "happy": 6.1260344019764545e-09,
            "sad": 1.1434376239776611,
            "surprise": 3.4301079337994977e-09,
            "neutral": 98.80969524383545
          },
          "gaze_info": {
            "gaze_target": "camera"
          }
        }
      ]
    },
    {
      "frame_identifier": "frame_017790.jpg",
      "people_in_frame": [
        {
          "name": "Person 2",
          "emotion_detected": {
            "angry": 1.2794798816866296e-20,
            "disgust": 0.0,
            "fear": 0.10817607399076223,
            "happy": 7.108881677157368e-24,
            "sad": 99.89182949066162,
            "surprise": 2.6604553781417677e-36,
            "neutral": 7.13433001911512e-11
          },
          "gaze_info": {
            "unnormalized_gaze_point": {
              "x": 212,
              "y": 233
            },
            "gaze_target": "other"
          }
        },
        {
          "name": "Person 1",
          "emotion_detected": {
            "angry": 33.42030644416809,
            "disgust": 0.0006978832971071824,
            "fear": 5.0509534776210785,
            "happy": 36.1249566078186,
            "sad": 17.263026535511017,
            "surprise": 0.07322863093577325,
            "neutral": 8.066829293966293
          },
          "gaze_info": {
            "unnormalized_gaze_point": {
              "x": 218,
              "y": 233
            },
            "gaze_target": "other"
          }
        }
      ]
    },
    {
      "frame_identifier": "frame_017820.jpg",
      "people_in_frame": [
        {
          "name": "Person 2",
          "emotion_detected": {
            "angry": 1.6803885756824788e-10,
            "disgust": 4.675905878983392e-28,
            "fear": 23.98504912853241,
            "happy": 1.2254289932133674e-16,
            "sad": 76.01417303085327,
            "surprise": 2.095509809327482e-25,
            "neutral": 0.0007784962690493558
          },
          "gaze_info": {
            "unnormalized_gaze_point": {
              "x": 116,
              "y": 129
            },
            "gaze_target": "Person 1",
            "target_profile_id": 1
          }
        },
        {
          "name": "Person 1",
          "emotion_detected": {
            "angry": 0.5139851317694861,
            "disgust": 9.222001135070119e-06,
            "fear": 2.9286563279423907,
            "happy": 3.3488387375377857,
            "sad": 69.36986859857252,
            "surprise": 7.019283295827108,
            "neutral": 16.819360364637397
          },
          "gaze_info": {
            "unnormalized_gaze_point": {
              "x": 239,
              "y": 120
            },
            "gaze_target": "Person 2",
            "target_profile_id": 2
          }
        }
      ]
    },
    {
      "frame_identifier": "frame_017850.jpg",
      "people_in_frame": [
        {
          "name": "Person 2",
          "emotion_detected": {
            "angry": 6.913956696052992e-06,
            "disgust": 4.756278471449679e-28,
            "fear": 90.92973470687866,
            "happy": 1.1889090767026308e-14,
            "sad": 6.3659995794296265,
            "surprise": 5.651817936827458e-21,
            "neutral": 2.7042625471949577
          },
          "gaze_info": {
            "unnormalized_gaze_point": {
              "x": 271,
              "y": 249
            },
            "gaze_target": "other"
          }
        },
        {
          "name": "Person 1",
          "emotion_detected": {
            "angry": 0.12714860495179892,
            "disgust": 1.8972068005496112e-05,
            "fear": 0.12235728790983558,
            "happy": 12.379346042871475,
            "sad": 39.573463797569275,
            "surprise": 6.568869948387146,