{
  "session_summary": {
    "total_frames_processed": 10,
    "distinct_people_identified": {
      "1": {
        "assigned_name": "Person 1",
        "appeared_in_frame_indices": [
          0,
          1,
          2,
          3,
          4,
          5,
          6,
          7,
          8,
          9
        ]
      },
      "2": {
        "assigned_name": "Person 2",
        "appeared_in_frame_indices": [
          0,
          1,
          2,
          3,
          4,
          8,
          9
        ]
      }
    }
  },
  "frame_by_frame_analysis": [
    {
      "frame_identifier": "frame_000600.jpg",
      "people_in_frame": [
        {
          "name": "Person 1",
          "emotion_detected": {
            "angry": 0.3994093742221594,
            "disgust": 1.707713956671209e-27,
            "fear": 0.024341102107428014,
            "happy": 7.523972764267306e-12,
            "sad": 4.843112719754572e-05,
            "surprise": 6.652257292811883e-15,
            "neutral": 99.5762050151825
          },
          "gaze_info": {
            "unnormalized_gaze_point": {
              "x": 374,
              "y": 217
            },
            "gaze_target": "other"
          }
        },
        {
          "name": "Person 2",
          "emotion_detected": {
            "angry": 0.012014798255588011,
            "disgust": 6.242203466967084e-23,
            "fear": 1.1092976088311189e-05,
            "happy": 7.416476764020646e-08,
            "sad": 4.4636192160648976e-05,
            "surprise": 1.4852134630336418e-06,
            "neutral": 99.98793005871356
          },
          "gaze_info": {
            "gaze_target": "camera"
          }
        }
      ]
    },
    {
      "frame_identifier": "frame_000630.jpg",
      "people_in_frame": [
        {
          "name": "Person 1",
          "emotion_detected": {
            "angry": 5.044402229259504e-06,
            "disgust": 0.0,
            "fear": 33.367663621902466,
            "happy": 1.4451099669065503e-29,
            "sad": 57.67384171485901,
            "surprise": 7.074675682230854e-23,
            "neutral": 8.958493173122406
          },
          "gaze_info": {
            "unnormalized_gaze_point": {
              "x": 367,
              "y": 201
            },
            "gaze_target": "other"
          }
        },
        {
          "name": "Person 2",
          "emotion_detected": {
            "angry": 3.351028263568878,
            "disgust": 1.6001400047732404e-23,
            "fear": 0.006010119250277057,
            "happy": 3.644221612707698e-15,
            "sad": 1.1290979571640491,
            "surprise": 5.718515091524597e-13,
            "neutral": 95.5138623714447
          },
          "gaze_info": {
            "unnormalized_gaze_point": {
              "x": 284,
              "y": 112
            },
            "gaze_target": "Person 1",
            "target_profile_id": 1
          }
        }
      ]
    },
    {
      "frame_identifier": "frame_000660.jpg",
      "people_in_frame": [
        {
          "name": "Person 1",
          "emotion_detected": {
            "angry": 1.2952121153375629e-06,
            "disgust": 0.0,
            "fear": 99.99696016311646,
            "happy": 6.901448409595785e-30,
            "sad": 2.497619949401453e-10,
            "surprise": 1.0267767267934519e-13,
            "neutral": 0.003041068157472182
          },
          "gaze_info": {
            "unnormalized_gaze_point": {
              "x": 373,
              "y": 193
            },
            "gaze_target": "other"
          }
        },
        {
          "name": "Person 2",
          "emotion_detected": {
            "angry": 0.021103331330803415,
            "disgust": 3.5137961983967855e-27,
            "fear": 0.01557387824564074,
            "happy": 6.014119572432205e-15,
            "sad": 0.024934312417913225,
            "surprise": 5.427483872900509e-11,
            "neutral": 99.93838667502324
          },
          "gaze_info": {
            "unnormalized_gaze_point": {
              "x": 148,
              "y": 245
            },
            "gaze_target": "other"
          }
        }
      ]
    },
    {
      "frame_identifier": "frame_000690.jpg",
      "people_in_frame": [
        {
          "name": "Person 2",
          "emotion_detected": {
            "angry": 0.00017303841559623834,
            "disgust": 4.315832681219172e-29,
            "fear": 0.003147461757180281,
            "happy": 1.581836014230876e-14,
            "sad": 0.004401323531055823,
            "surprise": 1.775012211865934e-10,
            "neutral": 99.99227523803711
          },
          "gaze_info": {
            "unnormalized_gaze_point": {
              "x": 146,
              "y": 245
            },
            "gaze_target": "other"
          }
        },
        {
          "name": "Person 1",
          "emotion_detected": {
            "angry": 20.366593366848235,
            "disgust": 2.0587183642060153e-06,
            "fear": 69.81896218400517,
            "happy": 2.282209357418303,
            "sad": 0.015302555228667896,
            "surprise": 0.0011385506003063314,
            "neutral": 7.515797617876104
          },
          "gaze_info": {
            "unnormalized_gaze_point": {
              "x": 298,
              "y": 133
            },
            "gaze_target": "other"
          }
        }
      ]
    },
    {
      "frame_identifier": "frame_000720.jpg",
      "people_in_frame": [
        {
          "name": "Person 2",
          "emotion_detected": {
            "angry": 0.0004129954959353199,
            "disgust": 1.8121160309880784e-26,
            "fear": 0.00030651701763417805,
            "happy": 1.2316970783820798e-14,
            "sad": 0.0019203536794520915,
            "surprise": 3.985895502545134e-08,
            "neutral": 99.99736547470093
          },
          "gaze_info": {
            "unnormalized_gaze_point": {
              "x": 172,
              "y": 237
            },
            "gaze_target": "other"
          }
        },
        {
          "name": "Person 1",
          "emotion_detected": {
            "angry": 97.97871112823486,
            "disgust": 1.24139232227094e-07,
            "fear": 0.004443160287337378,
            "happy": 0.5540323443710804,
            "sad": 0.008339574560523033,
            "surprise": 4.824852557007474e-13,
            "neutral": 1.4544815756380558
          },
          "gaze_info": {
            "unnormalized_gaze_point": {
              "x": 287,
              "y": 133
            },
            "gaze_target": "other"
          }
        }
      ]
    },
    {
      "frame_identifier": "frame_000750.jpg",
      "people_in_frame": [
        {
          "name": "Person 1",
          "emotion_detected": {
            "angry": 90.18809912346612,
            "disgust": 2.2484813550728876e-07,
            "fear": 6.530882291357735e-05,
            "happy": 9.675263205139254,
            "sad": 0.00027152595012971747,
            "surprise": 5.572475952138279e-12,
            "neutral": 0.13629402504709065
          },
          "gaze_info": {
            "unnormalized_gaze_point": {
              "x": 285,
              "y": 133
            },
            "gaze_target": "other"
          }
        }
      ]
    },
    {
      "frame_identifier": "frame_000780.jpg",
      "people_in_frame": [
        {
          "name": "Person 1",
          "emotion_detected": {
            "angry": 99.54458475112915,
            "disgust": 1.0812118311775976e-06,
            "fear": 0.000652932294542552,
            "happy": 0.3230226458981633,
            "sad": 0.002313296681677457,
            "surprise": 5.444531379185998e-14,
            "neutral": 0.12943011242896318
          },
          "gaze_info": {
            "unnormalized_gaze_point": {
              "x": 297,
              "y": 133
            },