{
  "session_summary": {
    "total_frames_processed": 10,
    "distinct_people_identified": {
      "1": {
        "assigned_name": "Person 1",
        "appeared_in_frame_indices": [
          0,
          1,
          2,
          3,
          4,
          5,
          6,
          7,
          8,
          9
        ]
      },
      "2": {
        "assigned_name": "Person 2",
        "appeared_in_frame_indices": [
          0,
          1,
          2,
          3,
          4,
          5,
          6,
          7,
          8,
          9
        ]
      }
    }
  },
  "frame_by_frame_analysis": [
    {
      "frame_identifier": "frame_020100.jpg",
      "people_in_frame": [
        {
          "name": "Person 1",
          "emotion_detected": {
            "angry": 6.688910395316481e-16,
            "disgust": 0.0,
            "fear": 3.4015933216567826,
            "happy": 4.463972982546967e-17,
            "sad": 96.54921868736855,
            "surprise": 2.179985656264449e-25,
            "neutral": 0.04918853812670935
          },
          "gaze_info": {
            "unnormalized_gaze_point": {
              "x": 125,
              "y": 149
            },
            "gaze_target": "Person 2",
            "target_profile_id": 2
          }
        },
        {
          "name": "Person 2",
          "emotion_detected": {
            "angry": 1.5471021635593274,
            "disgust": 1.463494829291068e-08,
            "fear": 15.61523470969407,
            "happy": 7.891693436604347,
            "sad": 9.169231901719087,
            "surprise": 0.44659928286667366,
            "neutral": 65.33013971627591
          },
          "gaze_info": {
            "unnormalized_gaze_point": {
              "x": 5,
              "y": 185
            },
            "gaze_target": "other"
          }
        }
      ]
    },
    {
      "frame_identifier": "frame_020130.jpg",
      "people_in_frame": [
        {
          "name": "Person 1",
          "emotion_detected": {
            "angry": 8.090404490755112e-14,
            "disgust": 5.665242218377724e-33,
            "fear": 11.987528204917908,
            "happy": 5.336892218959045e-15,
            "sad": 88.01200985908508,
            "surprise": 4.5600788716616834e-24,
            "neutral": 0.0004665991127694724
          },
          "gaze_info": {
            "unnormalized_gaze_point": {
              "x": 125,
              "y": 153
            },
            "gaze_target": "Person 2",
            "target_profile_id": 2
          }
        },
        {
          "name": "Person 2",
          "emotion_detected": {
            "angry": 18.09104300630605,
            "disgust": 1.0978450014411771e-08,
            "fear": 0.2816930749050468,
            "happy": 0.04925172548202878,
            "sad": 80.1807201124096,
            "surprise": 0.00033352247893659145,
            "neutral": 1.3969628874317273
          },
          "gaze_info": {
            "unnormalized_gaze_point": {
              "x": 103,
              "y": 141
            },
            "gaze_target": "other"
          }
        }
      ]
    },
    {
      "frame_identifier": "frame_020160.jpg",
      "people_in_frame": [
        {
          "name": "Person 1",
          "emotion_detected": {
            "angry": 7.452844379543576e-16,
            "disgust": 0.0,
            "fear": 4.770359769463539,
            "happy": 4.6513403050796705e-18,
            "sad": 95.22385001182556,
            "surprise": 1.2868099418790547e-27,
            "neutral": 0.005786975452792831
          },
          "gaze_info": {
            "unnormalized_gaze_point": {
              "x": 125,
              "y": 149
            },
            "gaze_target": "Person 2",
            "target_profile_id": 2
          }
        },
        {
          "name": "Person 2",
          "emotion_detected": {
            "angry": 80.018147227985,
            "disgust": 1.707669579787269e-07,
            "fear": 4.282347719985519,
            "happy": 9.190761692433156,
            "sad": 3.5349603253650277,
            "surprise": 0.015997775611267168,
            "neutral": 2.9577808653973503
          },
          "gaze_info": {
            "unnormalized_gaze_point": {
              "x": 10,
              "y": 221
            },
            "gaze_target": "other"
          }
        }
      ]
    },
    {
      "frame_identifier": "frame_020190.jpg",
      "people_in_frame": [
        {
          "name": "Person 1",
          "emotion_detected": {
            "angry": 4.684924290383512e-15,
            "disgust": 2.782950934898153e-34,
            "fear": 2.1880162321338794,
            "happy": 1.1984520330779423e-14,
            "sad": 97.81113253898218,
            "surprise": 5.883336537392157e-25,
            "neutral": 0.0008552690415407705
          },
          "gaze_info": {
            "unnormalized_gaze_point": {
              "x": 125,
              "y": 157
            },
            "gaze_target": "Person 2",
            "target_profile_id": 2
          }
        },
        {
          "name": "Person 2",
          "emotion_detected": {
            "angry": 34.28887724876404,
            "disgust": 9.43066544994986e-10,
            "fear": 4.263384640216827,
            "happy": 0.04114335170015693,
            "sad": 60.70850491523743,
            "surprise": 0.009683590906206518,
            "neutral": 0.6884017493575811
          },
          "gaze_info": {
            "unnormalized_gaze_point": {
              "x": 5,
              "y": 217
            },
            "gaze_target": "other"
          }
        }
      ]
    },
    {
      "frame_identifier": "frame_020220.jpg",
      "people_in_frame": [
        {
          "name": "Person 1",
          "emotion_detected": {
            "angry": 5.752050197932469e-16,
            "disgust": 4.21792211034265e-36,
            "fear": 0.7708251941949129,
            "happy": 1.140489579782084e-15,
            "sad": 99.22864437103271,
            "surprise": 2.958222135306475e-26,
            "neutral": 0.0005301647433952894
          },
          "gaze_info": {
            "unnormalized_gaze_point": {
              "x": 125,
              "y": 153
            },
            "gaze_target": "Person 2",
            "target_profile_id": 2
          }
        },
        {
          "name": "Person 2",
          "emotion_detected": {
            "angry": 6.241200864315033,
            "disgust": 8.907641117772425e-10,
            "fear": 0.13881580671295524,
            "happy": 43.413203954696655,
            "sad": 1.0164765641093254,
            "surprise": 0.0056152246543206275,
            "neutral": 49.1846889257431
          },
          "gaze_info": {
            "unnormalized_gaze_point": {
              "x": 5,
              "y": 185
            },
            "gaze_target": "other"
          }
        }
      ]
    },
    {
      "frame_identifier": "frame_020250.jpg",
      "people_in_frame": [
        {
          "name": "Person 1",
          "emotion_detected": {
            "angry": 3.6705647269825064e-16,
            "disgust": 0.0,
            "fear": 0.49215395655882876,
            "happy": 9.068184759782416e-16,
            "sad": 99.50690275348393,
            "surprise": 4.313459522885954e-26,
            "neutral": 0.0009373065742196129
          },
          "gaze_info": {
            "unnormalized_gaze_point": {
              "x": 125,
              "y": 153
            },
            "gaze_target": "Person 2",
            "target_profile_id": 2
          }
        },
        {
          "name": "Person 2",
          "emotion_detected": {
            "angry": 54.236892118268734,
            "disgust": 1.5590715759539386e-08,
            "fear": 3.1596796607780253,
            "happy": 29.945119020051898,
            "sad": 3.9458977547823046,
            "surprise": 0.011850481657014066,
            "neutral": 8.700564277205721
          },