{
  "session_summary": {
    "total_frames_processed": 10,
    "distinct_people_identified": {
      "1": {
        "assigned_name": "Person 1",
        "appeared_in_frame_indices": [
          0,
          1,
          2,
          3,
          4,
          5,
          6,
          7,
          8,
          9
        ]
      },
      "2": {
        "assigned_name": "Person 2",
        "appeared_in_frame_indices": [
          0,
          1,
          2,
          3,
          4,
          5,
          6,
          7,
          8,
          9
        ]
      }
    }
  },
  "frame_by_frame_analysis": [
    {
      "frame_identifier": "frame_005700.jpg",
      "people_in_frame": [
        {
          "name": "Person 1",
          "emotion_detected": {
            "angry": 61.998581886291504,
            "disgust": 3.5767239836559384e-06,
            "fear": 32.61960446834564,
            "happy": 0.02385881816735491,
            "sad": 1.7638443037867546,
            "surprise": 1.98862717959436e-08,
            "neutral": 3.594110533595085
          },
          "gaze_info": {
            "unnormalized_gaze_point": {
              "x": 97,
              "y": 137
            },
            "gaze_target": "Person 2",
            "target_profile_id": 2
          }
        },
        {
          "name": "Person 2",
          "emotion_detected": {
            "angry": 5.022957095439749e-06,
            "disgust": 1.1857491351920447e-07,
            "fear": 63.05379711940323,
            "happy": 0.059464624979093675,
            "sad": 0.0005783930866426648,
            "surprise": 35.98389196587897,
            "neutral": 0.9022569139591557
          },
          "gaze_info": {
            "unnormalized_gaze_point": {
              "x": 280,
              "y": 120
            },
            "gaze_target": "Person 1",
            "target_profile_id": 1
          }
        }
      ]
    },
    {
      "frame_identifier": "frame_005730.jpg",
      "people_in_frame": [
        {
          "name": "Person 1",
          "emotion_detected": {
            "angry": 68.32793354988098,
            "disgust": 1.2185694231447997e-06,
            "fear": 27.443036437034607,
            "happy": 0.007751862722216174,
            "sad": 0.9952222928404808,
            "surprise": 1.5493131777510882e-08,
            "neutral": 3.226054832339287
          },
          "gaze_info": {
            "unnormalized_gaze_point": {
              "x": 97,
              "y": 137
            },
            "gaze_target": "Person 2",
            "target_profile_id": 2
          }
        },
        {
          "name": "Person 2",
          "emotion_detected": {
            "angry": 5.187878215906494e-06,
            "disgust": 1.476990613147322e-08,
            "fear": 29.73693311214447,
            "happy": 0.7005329709500074,
            "sad": 0.004294822065276094,
            "surprise": 0.9422841481864452,
            "neutral": 68.61594915390015
          },
          "gaze_info": {
            "unnormalized_gaze_point": {
              "x": 280,
              "y": 120
            },
            "gaze_target": "Person 1",
            "target_profile_id": 1
          }
        }
      ]
    },
    {
      "frame_identifier": "frame_005760.jpg",
      "people_in_frame": [
        {
          "name": "Person 1",
          "emotion_detected": {
            "angry": 80.93561757378369,
            "disgust": 0.00029705951061606887,
            "fear": 11.617340252716511,
            "happy": 0.062099353690895,
            "sad": 2.2946697718298705,
            "surprise": 8.592262765075643e-07,
            "neutral": 5.0899656009715075
          },
          "gaze_info": {
            "unnormalized_gaze_point": {
              "x": 148,
              "y": 141
            },
            "gaze_target": "Person 2",
            "target_profile_id": 2
          }
        },
        {
          "name": "Person 2",
          "emotion_detected": {
            "angry": 0.011052262424202255,
            "disgust": 3.040034142666382e-08,
            "fear": 0.22316244762837262,
            "happy": 6.996715153103149e-05,
            "sad": 49.81738326756755,
            "surprise": 0.0012528614790563186,
            "neutral": 49.947085970292804
          },
          "gaze_info": {
            "unnormalized_gaze_point": {
              "x": 280,
              "y": 120
            },
            "gaze_target": "Person 1",
            "target_profile_id": 1
          }
        }
      ]
    },
    {
      "frame_identifier": "frame_005790.jpg",
      "people_in_frame": [
        {
          "name": "Person 1",
          "emotion_detected": {
            "angry": 54.779636290116756,
            "disgust": 0.012736365834479381,
            "fear": 27.64045862669246,
            "happy": 0.18771885751931577,
            "sad": 6.084445138639791,
            "surprise": 4.557938975796626e-05,
            "neutral": 11.294949198371267
          },
          "gaze_info": {
            "unnormalized_gaze_point": {
              "x": 159,
              "y": 165
            },
            "gaze_target": "Person 2",
            "target_profile_id": 2
          }
        },
        {
          "name": "Person 2",
          "emotion_detected": {
            "angry": 6.052719429135323,
            "disgust": 3.4556775843630483e-12,
            "fear": 1.8084897135395295e-06,
            "happy": 1.021046511229251e-08,
            "sad": 10.08111909031868,
            "surprise": 3.64861623986662e-11,
            "neutral": 83.86616110801697
          },
          "gaze_info": {
            "unnormalized_gaze_point": {
              "x": 171,
              "y": 165
            },
            "gaze_target": "Person 1",
            "target_profile_id": 1
          }
        }
      ]
    },
    {
      "frame_identifier": "frame_005820.jpg",
      "people_in_frame": [
        {
          "name": "Person 2",
          "emotion_detected": {
            "angry": 6.422356495576323,
            "disgust": 1.1777548364783478e-08,
            "fear": 0.0008387048092747893,
            "happy": 2.2733906267464078e-06,
            "sad": 79.84540702755368,
            "surprise": 1.5654645156954222e-08,
            "neutral": 13.73139009101509
          },
          "gaze_info": {
            "unnormalized_gaze_point": {
              "x": 171,
              "y": 165
            },
            "gaze_target": "Person 1",
            "target_profile_id": 1
          }
        },
        {
          "name": "Person 1",
          "emotion_detected": {
            "angry": 87.54326105117798,
            "disgust": 0.0044153966882731766,
            "fear": 2.557665668427944,
            "happy": 0.01716873375698924,
            "sad": 4.0177688002586365,
            "surprise": 8.086259839501508e-06,
            "neutral": 5.8597177267074585
          },
          "gaze_info": {
            "unnormalized_gaze_point": {
              "x": 159,
              "y": 165
            },
            "gaze_target": "Person 2",
            "target_profile_id": 2
          }
        }
      ]
    },
    {
      "frame_identifier": "frame_005850.jpg",
      "people_in_frame": [
        {
          "name": "Person 2",
          "emotion_detected": {
            "angry": 4.4516665909100084e-07,
            "disgust": 9.400473472622926e-20,
            "fear": 1.7809993757555986e-08,
            "happy": 4.36110661472533e-09,
            "sad": 1.1515685357153416,
            "surprise": 7.274110242101728e-11,
            "neutral": 98.84843230247498
          },
          "gaze_info": {
            "unnormalized_gaze_point": {
              "x": 176,
              "y": 253
            },
            "gaze_target": "other"
          }
        },
        {
          "name": "Person 1",
          "emotion_detected": {
            "angry": 72.31162190437317,
            "disgust": 0.005190039519220591,
            "fear": 6.910594552755356,