{
  "session_summary": {
    "total_frames_processed": 10,
    "distinct_people_identified": {
      "1": {
        "assigned_name": "Person 1",
        "appeared_in_frame_indices": [
          0,
          1,
          2,
          3,
          4,
          5,
          6,
          7,
          8,
          9
        ]
      },
      "2": {
        "assigned_name": "Person 2",
        "appeared_in_frame_indices": [
          0,
          1,
          2,
          3,
          4,
          5,
          6,
          7,
          8,
          9
        ]
      },
      "3": {
        "assigned_name": "Person 3",
        "appeared_in_frame_indices": [
          2,
          5,
          7
        ]
      }
    }
  },
  "frame_by_frame_analysis": [
    {
      "frame_identifier": "frame_012300.jpg",
      "people_in_frame": [
        {
          "name": "Person 1",
          "emotion_detected": {
            "angry": 1.3459617272019386,
            "disgust": 5.877908576534807e-09,
            "fear": 73.60783815383911,
            "happy": 1.857167197805154e-08,
            "sad": 14.772756397724152,
            "surprise": 1.072063042784066e-05,
            "neutral": 10.273432731628418
          },
          "gaze_info": {
            "unnormalized_gaze_point": {
              "x": 144,
              "y": 161
            },
            "gaze_target": "Person 2",
            "target_profile_id": 2
          }
        },
        {
          "name": "Person 2",
          "emotion_detected": {
            "angry": 9.813346276532648e-07,
            "disgust": 3.3122643973227846e-11,
            "fear": 0.4523886171661983,
            "happy": 0.1731068115484304,
            "sad": 0.007593182542793157,
            "surprise": 0.0003052675265335098,
            "neutral": 99.36660524407657
          },
          "gaze_info": {
            "unnormalized_gaze_point": {
              "x": 144,
              "y": 165
            },
            "gaze_target": "Person 1",
            "target_profile_id": 1
          }
        }
      ]
    },
    {
      "frame_identifier": "frame_012330.jpg",
      "people_in_frame": [
        {
          "name": "Person 1",
          "emotion_detected": {
            "angry": 0.18031600629910827,
            "disgust": 2.240492058547261e-06,
            "fear": 97.50478863716125,
            "happy": 6.406674635250909e-08,
            "sad": 2.2053757682442665,
            "surprise": 0.01641165727050975,
            "neutral": 0.09310930036008358
          },
          "gaze_info": {
            "unnormalized_gaze_point": {
              "x": 329,
              "y": 253
            },
            "gaze_target": "other"
          }
        },
        {
          "name": "Person 2",
          "emotion_detected": {
            "angry": 3.4976712501630875e-08,
            "disgust": 1.5116415575504841e-15,
            "fear": 0.0021113162241519785,
            "happy": 64.72172526846678,
            "sad": 0.00023673609622595614,
            "surprise": 0.07725043566341315,
            "neutral": 35.198678684155865
          },
          "gaze_info": {
            "unnormalized_gaze_point": {
              "x": 131,
              "y": 149
            },
            "gaze_target": "other"
          }
        }
      ]
    },
    {
      "frame_identifier": "frame_012360.jpg",
      "people_in_frame": [
        {
          "name": "Person 1",
          "emotion_detected": {
            "angry": 1.7859051004052162,
            "disgust": 1.1520294940225995e-06,
            "fear": 32.223352789878845,
            "happy": 2.1072838762847823e-05,
            "sad": 42.878252267837524,
            "surprise": 0.0005964348929410335,
            "neutral": 23.111864924430847
          },
          "gaze_info": {
            "unnormalized_gaze_point": {
              "x": 143,
              "y": 145
            },
            "gaze_target": "Person 2",
            "target_profile_id": 2
          }
        },
        {
          "name": "Person 2",
          "emotion_detected": {
            "angry": 1.4243228525730547,
            "disgust": 2.5884319155502926e-06,
            "fear": 0.21624273836699268,
            "happy": 6.250287293153037e-05,
            "sad": 91.3766155986052,
            "surprise": 1.1065281593086102e-06,
            "neutral": 6.982751103311646
          },
          "gaze_info": {
            "unnormalized_gaze_point": {
              "x": 305,
              "y": 129
            },
            "gaze_target": "Person 1",
            "target_profile_id": 1
          }
        },
        {
          "name": "Person 3",
          "emotion_detected": {
            "angry": 0.1857244409620762,
            "disgust": 0.006414514791686088,
            "fear": 86.26028895378113,
            "happy": 6.297701597213745,
            "sad": 6.018375977873802,
            "surprise": 0.3882566001266241,
            "neutral": 0.8432307280600071
          },
          "gaze_info": {
            "unnormalized_gaze_point": {
              "x": 143,
              "y": 145
            },
            "gaze_target": "Person 1",
            "target_profile_id": 1
          }
        }
      ]
    },
    {
      "frame_identifier": "frame_012390.jpg",
      "people_in_frame": [
        {
          "name": "Person 1",
          "emotion_detected": {
            "angry": 7.399230450391769,
            "disgust": 1.060712498737737e-10,
            "fear": 8.680451661348343,
            "happy": 1.5905510508673615e-05,
            "sad": 5.935978889465332,
            "surprise": 0.0007569768513349118,
            "neutral": 77.98356413841248
          },
          "gaze_info": {
            "unnormalized_gaze_point": {
              "x": 275,
              "y": 249
            },
            "gaze_target": "other"
          }
        },
        {
          "name": "Person 2",
          "emotion_detected": {
            "angry": 0.0070290900827632,
            "disgust": 7.320239896463605e-06,
            "fear": 93.04815017603038,
            "happy": 0.015254923710478251,
            "sad": 0.14813786236415954,
            "surprise": 0.21748137396051,
            "neutral": 6.563937626607701
          },
          "gaze_info": {
            "unnormalized_gaze_point": {
              "x": 293,
              "y": 133
            },
            "gaze_target": "Person 1",
            "target_profile_id": 1
          }
        }
      ]
    },
    {
      "frame_identifier": "frame_012420.jpg",
      "people_in_frame": [
        {
          "name": "Person 1",
          "emotion_detected": {
            "angry": 0.5359439471728865,
            "disgust": 7.032782805267087e-10,
            "fear": 54.478692474521104,
            "happy": 2.1758110584069917e-05,
            "sad": 4.337393347931701,
            "surprise": 0.0009820186926707227,
            "neutral": 40.64696244633645
          },
          "gaze_info": {
            "unnormalized_gaze_point": {
              "x": 281,
              "y": 249
            },
            "gaze_target": "other"
          }
        },
        {
          "name": "Person 2",
          "emotion_detected": {
            "angry": 0.7701033254029349,
            "disgust": 1.6355030935485297e-15,
            "fear": 0.12338208770049142,
            "happy": 1.2187161340430343e-06,
            "sad": 1.9525281386094175,
            "surprise": 1.3552225428070177e-08,
            "neutral": 97.1539853307
          },
          "gaze_info": {
            "unnormalized_gaze_point": {
              "x": 305,
              "y": 133
            },
            "gaze_target": "Person 1",
            "target_profile_id": 1
          }
        }
      ]
    },
    {
      "frame_identifier": "frame_012450.jpg",
      "people_in_frame": [
        {
          "name": "Person 1",
          "emotion_detected": {
            "angry": 0.36338561073564163,
            "disgust": 4.9716141938571555e-08,