{
  "session_summary": {
    "total_frames_processed": 10,
    "distinct_people_identified": {
      "1": {
        "assigned_name": "Person 1",
        "appeared_in_frame_indices": [
          0,
          1,
          2,
          3,
          4,
          5,
          6,
          7,
          8,
          9
        ]
      }
    }
  },
  "frame_by_frame_analysis": [
    {
      "frame_identifier": "frame_004800.jpg",
      "people_in_frame": [
        {
          "name": "Person 1",
          "emotion_detected": {
            "angry": 0.6057483144104481,
            "disgust": 6.422363725902547e-11,
            "fear": 40.84150195121765,
            "happy": 3.0096153125214187e-06,
            "sad": 46.78109288215637,
            "surprise": 1.3298832521324577e-10,
            "neutral": 11.771658062934875
          },
          "gaze_info": {
            "unnormalized_gaze_point": {
              "x": 114,
              "y": 116
            },
            "gaze_target": "other"
          }
        }
      ]
    },
    {
      "frame_identifier": "frame_004830.jpg",
      "people_in_frame": [
        {
          "name": "Person 1",
          "emotion_detected": {
            "angry": 0.00244407252482664,
            "disgust": 1.2091146854584118e-16,
            "fear": 2.4162294228972417e-05,
            "happy": 0.0005126152551335994,
            "sad": 99.98417496586889,
            "surprise": 1.7315033995039874e-06,
            "neutral": 0.012847712097925668
          },
          "gaze_info": {
            "unnormalized_gaze_point": {
              "x": 280,
              "y": 129
            },
            "gaze_target": "other"
          }
        },
        {
          "name": "Person 1",
          "emotion_detected": {
            "angry": 1.4013289473950863,
            "disgust": 4.9249088140967956e-08,
            "fear": 94.76356506347656,
            "happy": 1.1581449399500343e-05,
            "sad": 2.8609909117221832,
            "surprise": 8.228544234878399e-09,
            "neutral": 0.9741033427417278
          },
          "gaze_info": {
            "unnormalized_gaze_point": {
              "x": 303,
              "y": 249
            },
            "gaze_target": "other"
          }
        }
      ]
    },
    {
      "frame_identifier": "frame_004860.jpg",
      "people_in_frame": [
        {
          "name": "Person 1",
          "emotion_detected": {
            "angry": 1.1119759641587734,
            "disgust": 4.2735954681213766e-13,
            "fear": 48.05608093738556,
            "happy": 2.3644258773103388e-08,
            "sad": 45.19428610801697,
            "surprise": 5.201324939328733e-11,
            "neutral": 5.637657642364502
          },
          "gaze_info": {
            "unnormalized_gaze_point": {
              "x": 189,
              "y": 229
            },
            "gaze_target": "other"
          }
        },
        {
          "name": "Person 1",
          "emotion_detected": {
            "angry": 0.344037520699203,
            "disgust": 1.2605384401218056e-11,
            "fear": 0.08662656764499843,
            "happy": 0.00012580138673001784,
            "sad": 0.2523194532841444,
            "surprise": 0.003910570376319811,
            "neutral": 99.31297898292542
          },
          "gaze_info": {
            "gaze_target": "camera"
          }
        }
      ]
    },
    {
      "frame_identifier": "frame_004890.jpg",
      "people_in_frame": [
        {
          "name": "Person 1",
          "emotion_detected": {
            "angry": 1.8520420417189598,
            "disgust": 2.025805196335939e-11,
            "fear": 64.88281488418579,
            "happy": 1.8002472401690284e-06,
            "sad": 22.363770008087158,
            "surprise": 3.551415455119167e-10,
            "neutral": 10.901370644569397
          },
          "gaze_info": {
            "unnormalized_gaze_point": {
              "x": 131,
              "y": 237
            },
            "gaze_target": "other"
          }
        },
        {
          "name": "Person 1",
          "emotion_detected": {
            "angry": 0.0006184784524521092,
            "disgust": 6.635891689828644e-14,
            "fear": 0.030700379284098744,
            "happy": 0.008880125096766278,
            "sad": 0.002413866968709044,
            "surprise": 98.76178503036499,
            "neutral": 1.195602398365736
          },
          "gaze_info": {
            "gaze_target": "camera"
          }
        }
      ]
    },
    {
      "frame_identifier": "frame_004920.jpg",
      "people_in_frame": [
        {
          "name": "Person 1",
          "emotion_detected": {
            "angry": 0.34187080454131313,
            "disgust": 1.5097791384749482e-14,
            "fear": 37.543155247788995,
            "happy": 5.797016619568751e-08,
            "sad": 54.49112004147529,
            "surprise": 1.0272159772701647e-11,
            "neutral": 7.623845920104275
          },
          "gaze_info": {
            "unnormalized_gaze_point": {
              "x": 114,
              "y": 129
            },
            "gaze_target": "other"
          }
        },
        {
          "name": "Person 1",
          "emotion_detected": {
            "angry": 8.673159612726522e-06,
            "disgust": 1.810222910697372e-12,
            "fear": 0.3789507783949375,
            "happy": 0.011578383418964222,
            "sad": 9.996569128034594e-08,
            "surprise": 99.60946440696716,
            "neutral": 1.9804261341960228e-06
          },
          "gaze_info": {
            "unnormalized_gaze_point": {
              "x": 280,
              "y": 120
            },
            "gaze_target": "other"
          }
        }
      ]
    },
    {
      "frame_identifier": "frame_004950.jpg",
      "people_in_frame": [
        {
          "name": "Person 1",
          "emotion_detected": {
            "angry": 9.345675368857139e-06,
            "disgust": 1.7425691378126699e-12,
            "fear": 1.4856263949350355,
            "happy": 0.3816872364170692,
            "sad": 4.519256349839438e-06,
            "surprise": 98.13254464462666,
            "neutral": 0.00012772264505695718
          },
          "gaze_info": {
            "unnormalized_gaze_point": {
              "x": 280,
              "y": 120
            },
            "gaze_target": "other"
          }
        },
        {
          "name": "Person 1",
          "emotion_detected": {
            "angry": 0.4735685884952545,
            "disgust": 2.3708250918019758e-07,
            "fear": 97.93643355369568,
            "happy": 0.0005754099674959434,
            "sad": 0.30171130783855915,
            "surprise": 1.4167108597362699e-07,
            "neutral": 1.2877092696726322
          },
          "gaze_info": {
            "unnormalized_gaze_point": {
              "x": 114,
              "y": 124
            },
            "gaze_target": "other"
          }
        }
      ]
    },
    {
      "frame_identifier": "frame_004980.jpg",
      "people_in_frame": [
        {
          "name": "Person 1",
          "emotion_detected": {
            "angry": 3.4319430589675903,
            "disgust": 7.989124986562679e-10,
            "fear": 40.38780331611633,
            "happy": 4.03407938165401e-05,
            "sad": 31.19661509990692,
            "surprise": 1.4342630815650237e-10,
            "neutral": 24.98359978199005
          },
          "gaze_info": {
            "unnormalized_gaze_point": {
              "x": 285,
              "y": 124
            },
            "gaze_target": "other"
          }
        },
        {
          "name": "Person 1",
          "emotion_detected": {
            "angry": 1.1934604415841932e-06,
            "disgust": 1.5506227283635689e-12,
            "fear": 0.9413939900696278,
            "happy": 0.02755785535555333,
            "sad": 0.00023134291495807702,
            "surprise": 99.02935028076172,