{
  "session_summary": {
    "total_frames_processed": 10,
    "distinct_people_identified": {
      "1": {
        "assigned_name": "Person 1",
        "appeared_in_frame_indices": [
          0,
          1,
          2,
          3,
          4,
          5,
          6,
          7,
          8,
          9
        ]
      },
      "2": {
        "assigned_name": "Person 2",
        "appeared_in_frame_indices": [
          0,
          1,
          2,
          3,
          4,
          5,
          6,
          7,
          8,
          9
        ]
      },
      "3": {
        "assigned_name": "Person 3",
        "appeared_in_frame_indices": [
          0
        ]
      }
    }
  },
  "frame_by_frame_analysis": [
    {
      "frame_identifier": "frame_016500.jpg",
      "people_in_frame": [
        {
          "name": "Person 1",
          "emotion_detected": {
            "angry": 0.013723071606364101,
            "disgust": 2.9222374629455305e-14,
            "fear": 99.89481568336487,
            "happy": 3.782643318572809e-05,
            "sad": 0.09142857743427157,
            "surprise": 1.654609427248488e-06,
            "neutral": 3.922751359852761e-09
          },
          "gaze_info": {
            "unnormalized_gaze_point": {
              "x": 126,
              "y": 144
            },
            "gaze_target": "other"
          }
        },
        {
          "name": "Person 2",
          "emotion_detected": {
            "angry": 9.190067874698684e-11,
            "disgust": 3.1707178190648925e-30,
            "fear": 0.0004906385876479276,
            "happy": 1.888235411366573e-17,
            "sad": 99.98682141225466,
            "surprise": 2.829910799113335e-31,
            "neutral": 0.012691939656887332
          },
          "gaze_info": {
            "unnormalized_gaze_point": {
              "x": 126,
              "y": 144
            },
            "gaze_target": "Person 1",
            "target_profile_id": 1
          }
        },
        {
          "name": "Person 3",
          "emotion_detected": {
            "angry": 0.022572855232283473,
            "disgust": 6.389815898621976e-08,
            "fear": 0.11499098036438227,
            "happy": 99.86018538475037,
            "sad": 0.002170602238038555,
            "surprise": 3.2305821906497556e-08,
            "neutral": 8.451656299257593e-05
          },
          "gaze_info": {
            "unnormalized_gaze_point": {
              "x": 126,
              "y": 144
            },
            "gaze_target": "Person 1",
            "target_profile_id": 1
          }
        }
      ]
    },
    {
      "frame_identifier": "frame_016530.jpg",
      "people_in_frame": [
        {
          "name": "Person 2",
          "emotion_detected": {
            "angry": 1.1031804358907493e-07,
            "disgust": 2.1299142137693967e-30,
            "fear": 0.0003772708396354574,
            "happy": 1.471066868740471e-14,
            "sad": 73.56414794921875,
            "surprise": 6.096112541787885e-25,
            "neutral": 26.435476541519165
          },
          "gaze_info": {
            "unnormalized_gaze_point": {
              "x": 126,
              "y": 160
            },
            "gaze_target": "Person 1",
            "target_profile_id": 1
          }
        },
        {
          "name": "Person 1",
          "emotion_detected": {
            "angry": 0.08734824368730187,
            "disgust": 1.0301590352309567e-13,
            "fear": 99.05733466148376,
            "happy": 0.8552523329854012,
            "sad": 6.19952800207102e-05,
            "surprise": 4.249682916679376e-06,
            "neutral": 6.736367479185778e-13
          },
          "gaze_info": {
            "unnormalized_gaze_point": {
              "x": 126,
              "y": 152
            },
            "gaze_target": "other"
          }
        }
      ]
    },
    {
      "frame_identifier": "frame_016560.jpg",
      "people_in_frame": [
        {
          "name": "Person 2",
          "emotion_detected": {
            "angry": 3.029056561132393e-07,
            "disgust": 5.780278134649856e-25,
            "fear": 0.008126053580781445,
            "happy": 2.5828108098438496e-12,
            "sad": 94.84785795211792,
            "surprise": 6.236268825634367e-20,
            "neutral": 5.144020169973373
          },
          "gaze_info": {
            "unnormalized_gaze_point": {
              "x": 132,
              "y": 148
            },
            "gaze_target": "Person 1",
            "target_profile_id": 1
          }
        },
        {
          "name": "Person 1",
          "emotion_detected": {
            "angry": 0.004902551881968975,
            "disgust": 3.065507315561642e-13,
            "fear": 91.83769822120667,
            "happy": 6.984616816043854,
            "sad": 1.1727784760296345,
            "surprise": 2.2524599962991942e-07,
            "neutral": 1.969747281949097e-08
          },
          "gaze_info": {
            "unnormalized_gaze_point": {
              "x": 198,
              "y": 176
            },
            "gaze_target": "Person 2",
            "target_profile_id": 2
          }
        }
      ]
    },
    {
      "frame_identifier": "frame_016590.jpg",
      "people_in_frame": [
        {
          "name": "Person 2",
          "emotion_detected": {
            "angry": 3.051233576911727e-06,
            "disgust": 5.071198395892599e-26,
            "fear": 0.0013066553037788253,
            "happy": 1.7107722641404761e-12,
            "sad": 42.22664535045624,
            "surprise": 1.2196516135610551e-21,
            "neutral": 57.77205228805542
          },
          "gaze_info": {
            "unnormalized_gaze_point": {
              "x": 132,
              "y": 141
            },
            "gaze_target": "Person 1",
            "target_profile_id": 1
          }
        },
        {
          "name": "Person 1",
          "emotion_detected": {
            "angry": 0.049032026436179876,
            "disgust": 3.068226553902542e-11,
            "fear": 42.46518313884735,
            "happy": 57.452183961868286,
            "sad": 0.03356130619067699,
            "surprise": 4.024164184102119e-05,
            "neutral": 2.3461582676631565e-08
          },
          "gaze_info": {
            "unnormalized_gaze_point": {
              "x": 210,
              "y": 137
            },
            "gaze_target": "Person 2",
            "target_profile_id": 2
          }
        }
      ]
    },
    {
      "frame_identifier": "frame_016620.jpg",
      "people_in_frame": [
        {
          "name": "Person 1",
          "emotion_detected": {
            "angry": 0.0017331400158582255,
            "disgust": 1.8717930692776298e-28,
            "fear": 0.0661936413962394,
            "happy": 15.21415263414383,
            "sad": 84.71792340278625,
            "surprise": 1.25773382594202e-10,
            "neutral": 7.465770317385636e-18
          },
          "gaze_info": {
            "unnormalized_gaze_point": {
              "x": 198,
              "y": 169
            },
            "gaze_target": "Person 2",
            "target_profile_id": 2
          }
        },
        {
          "name": "Person 2",
          "emotion_detected": {
            "angry": 9.495509267765101e-07,
            "disgust": 3.258337083780303e-20,
            "fear": 0.16311532817780972,
            "happy": 1.726958724949327e-12,
            "sad": 99.82386827468872,
            "surprise": 6.786635647433993e-19,
            "neutral": 0.013019049947615713
          },
          "gaze_info": {
            "unnormalized_gaze_point": {
              "x": 138,
              "y": 145
            },
            "gaze_target": "Person 1",
            "target_profile_id": 1
          }
        }
      ]
    },
    {
      "frame_identifier": "frame_016650.jpg",
      "people_in_frame": [
        {
          "name": "Person 2",