{
  "session_summary": {
    "total_frames_processed": 10,
    "distinct_people_identified": {
      "1": {
        "assigned_name": "Person 1",
        "appeared_in_frame_indices": [
          0,
          1,
          2,
          3,
          4,
          5,
          6,
          7,
          8,
          9
        ]
      },
      "2": {
        "assigned_name": "Person 2",
        "appeared_in_frame_indices": [
          0,
          1,
          2,
          3,
          4,
          5,
          6,
          7,
          8,
          9
        ]
      }
    }
  },
  "frame_by_frame_analysis": [
    {
      "frame_identifier": "frame_001800.jpg",
      "people_in_frame": [
        {
          "name": "Person 1",
          "emotion_detected": {
            "angry": 84.92981105624503,
            "disgust": 4.0636574307372744e-08,
            "fear": 1.1120718635363498,
            "happy": 0.0017386614799260484,
            "sad": 0.19576785855846754,
            "surprise": 7.888698165282878e-07,
            "neutral": 13.760607764757143
          },
          "gaze_info": {
            "unnormalized_gaze_point": {
              "x": 99,
              "y": 153
            },
            "gaze_target": "Person 2",
            "target_profile_id": 2
          }
        },
        {
          "name": "Person 2",
          "emotion_detected": {
            "angry": 3.6062652863932954e-08,
            "disgust": 1.888341503639745e-14,
            "fear": 32.00656473636627,
            "happy": 1.4514128787723735e-08,
            "sad": 0.013363867765292525,
            "surprise": 0.0036999226722400635,
            "neutral": 67.97637343406677
          },
          "gaze_info": {
            "unnormalized_gaze_point": {
              "x": 99,
              "y": 153
            },
            "gaze_target": "other"
          }
        }
      ]
    },
    {
      "frame_identifier": "frame_001830.jpg",
      "people_in_frame": [
        {
          "name": "Person 1",
          "emotion_detected": {
            "angry": 1.0280181653797626,
            "disgust": 1.0710816321325353e-12,
            "fear": 3.897789493203163,
            "happy": 1.2098176682684425e-06,
            "sad": 40.04420340061188,
            "surprise": 7.366595181079738e-10,
            "neutral": 55.02999424934387
          },
          "gaze_info": {
            "gaze_target": "camera"
          }
        },
        {
          "name": "Person 2",
          "emotion_detected": {
            "angry": 2.818877646859619e-05,
            "disgust": 3.1728671004997895e-14,
            "fear": 80.31117916107178,
            "happy": 0.005630295345326886,
            "sad": 4.022106900811195,
            "surprise": 6.0441140085458755,
            "neutral": 9.61693599820137
          },
          "gaze_info": {
            "unnormalized_gaze_point": {
              "x": 276,
              "y": 108
            },
            "gaze_target": "Person 1",
            "target_profile_id": 1
          }
        }
      ]
    },
    {
      "frame_identifier": "frame_001860.jpg",
      "people_in_frame": [
        {
          "name": "Person 1",
          "emotion_detected": {
            "angry": 0.30674892477691174,
            "disgust": 6.53024319731757e-12,
            "fear": 43.23893189430237,
            "happy": 8.804805773365842e-07,
            "sad": 45.17180919647217,
            "surprise": 4.0250164312638503e-08,
            "neutral": 11.282513290643692
          },
          "gaze_info": {
            "gaze_target": "camera"
          }
        },
        {
          "name": "Person 2",
          "emotion_detected": {
            "angry": 4.672888007931054e-05,
            "disgust": 1.9072032971204292e-13,
            "fear": 93.23268613425658,
            "happy": 3.303637191892259e-07,
            "sad": 0.10792353300916756,
            "surprise": 0.5382363508508979,
            "neutral": 6.121099010574936
          },
          "gaze_info": {
            "unnormalized_gaze_point": {
              "x": 283,
              "y": 108
            },
            "gaze_target": "Person 1",
            "target_profile_id": 1
          }
        }
      ]
    },
    {
      "frame_identifier": "frame_001890.jpg",
      "people_in_frame": [
        {
          "name": "Person 1",
          "emotion_detected": {
            "angry": 0.42893942445516586,
            "disgust": 2.520433406254241e-11,
            "fear": 28.0778169631958,
            "happy": 5.367003907963408e-06,
            "sad": 51.86936855316162,
            "surprise": 7.480146502203411e-08,
            "neutral": 19.623874127864838
          },
          "gaze_info": {
            "gaze_target": "camera"
          }
        },
        {
          "name": "Person 2",
          "emotion_detected": {
            "angry": 3.301430130954895e-05,
            "disgust": 1.5172091517838586e-13,
            "fear": 27.308314763508466,
            "happy": 3.66796371737465e-07,
            "sad": 72.37947912460814,
            "surprise": 0.16101478076549997,
            "neutral": 0.15115476506966172
          },
          "gaze_info": {
            "unnormalized_gaze_point": {
              "x": 277,
              "y": 104
            },
            "gaze_target": "Person 1",
            "target_profile_id": 1
          }
        }
      ]
    },
    {
      "frame_identifier": "frame_001920.jpg",
      "people_in_frame": [
        {
          "name": "Person 1",
          "emotion_detected": {
            "angry": 0.0067516455601435155,
            "disgust": 1.707856856476238e-16,
            "fear": 0.3030807478353381,
            "happy": 6.608261572497998e-11,
            "sad": 97.23557233810425,
            "surprise": 2.093870527810314e-13,
            "neutral": 2.454593777656555
          },
          "gaze_info": {
            "gaze_target": "camera"
          }
        },
        {
          "name": "Person 2",
          "emotion_detected": {
            "angry": 1.8642289564013481,
            "disgust": 9.455823901660665e-08,
            "fear": 0.2019776962697506,
            "happy": 0.010608910088194534,
            "sad": 3.9183836430311203,
            "surprise": 92.97839999198914,
            "neutral": 1.0264011099934578
          },
          "gaze_info": {
            "gaze_target": "camera"
          }
        }
      ]
    },
    {
      "frame_identifier": "frame_001950.jpg",
      "people_in_frame": [
        {
          "name": "Person 1",
          "emotion_detected": {
            "angry": 1.6874397173523903,
            "disgust": 1.7176888167033666e-10,
            "fear": 44.606512784957886,
            "happy": 9.682280532885557e-08,
            "sad": 46.91013991832733,
            "surprise": 1.9396756423262218e-08,
            "neutral": 6.795912981033325
          },
          "gaze_info": {
            "gaze_target": "camera"
          }
        },
        {
          "name": "Person 2",
          "emotion_detected": {
            "angry": 96.61751429825851,
            "disgust": 0.002481735532195635,
            "fear": 2.537371660784285,
            "happy": 3.573127856191591e-06,
            "sad": 0.604633356078463,
            "surprise": 0.00017631662275546442,
            "neutral": 0.23781542625243351
          },
          "gaze_info": {
            "gaze_target": "camera"
          }
        }
      ]
    },
    {
      "frame_identifier": "frame_001980.jpg",
      "people_in_frame": [
        {
          "name": "Person 1",
          "emotion_detected": {
            "angry": 0.004733787700813102,
            "disgust": 3.513496048667521e-13,
            "fear": 2.5482668785174942,
            "happy": 6.0709625125550514e-09,
            "sad": 97.30904666293223,
            "surprise": 1.9662058615224596e-10,
            "neutral": 0.13795763268934283
          },