{
  "session_summary": {
    "total_frames_processed": 10,
    "distinct_people_identified": {
      "1": {
        "assigned_name": "Person 1",
        "appeared_in_frame_indices": [
          0,
          1,
          2,
          3,
          4,
          5,
          6,
          7,
          8,
          9
        ]
      },
      "2": {
        "assigned_name": "Person 2",
        "appeared_in_frame_indices": [
          0,
          1,
          2,
          3,
          4,
          5,
          6,
          7,
          8,
          9
        ]
      },
      "3": {
        "assigned_name": "Person 3",
        "appeared_in_frame_indices": [
          2,
          3,
          6
        ]
      }
    }
  },
  "frame_by_frame_analysis": [
    {
      "frame_identifier": "frame_009900.jpg",
      "people_in_frame": [
        {
          "name": "Person 1",
          "emotion_detected": {
            "angry": 3.606776033393544e-05,
            "disgust": 1.212662426936439e-12,
            "fear": 99.92831349372864,
            "happy": 7.086165876302175e-07,
            "sad": 0.00011146275937790051,
            "surprise": 0.07154059130698442,
            "neutral": 1.6055658136338025e-06
          },
          "gaze_info": {
            "unnormalized_gaze_point": {
              "x": 149,
              "y": 185
            },
            "gaze_target": "other"
          }
        },
        {
          "name": "Person 2",
          "emotion_detected": {
            "angry": 0.0772258616052568,
            "disgust": 2.115819741632663e-07,
            "fear": 17.346875369548798,
            "happy": 0.012042899470543489,
            "sad": 81.92691206932068,
            "surprise": 0.6212926004081964,
            "neutral": 0.015652054571546614
          },
          "gaze_info": {
            "gaze_target": "camera"
          }
        }
      ]
    },
    {
      "frame_identifier": "frame_009930.jpg",
      "people_in_frame": [
        {
          "name": "Person 2",
          "emotion_detected": {
            "angry": 0.0011999213190610253,
            "disgust": 8.871553988569918e-07,
            "fear": 60.50348752695471,
            "happy": 2.316944155666984e-05,
            "sad": 39.48851651090187,
            "surprise": 0.0023351944891341083,
            "neutral": 0.004429637392057492
          },
          "gaze_info": {
            "unnormalized_gaze_point": {
              "x": 148,
              "y": 157
            },
            "gaze_target": "Person 1",
            "target_profile_id": 1
          }
        },
        {
          "name": "Person 1",
          "emotion_detected": {
            "angry": 0.0007017851203272585,
            "disgust": 1.3564488616536752e-11,
            "fear": 99.98459815979004,
            "happy": 4.920302831834533e-07,
            "sad": 0.0005183993835089495,
            "surprise": 0.014183245366439223,
            "neutral": 2.729218095964825e-06
          },
          "gaze_info": {
            "unnormalized_gaze_point": {
              "x": 148,
              "y": 185
            },
            "gaze_target": "other"
          }
        }
      ]
    },
    {
      "frame_identifier": "frame_009960.jpg",
      "people_in_frame": [
        {
          "name": "Person 1",
          "emotion_detected": {
            "angry": 0.0023040704927560656,
            "disgust": 1.6804281655795612e-10,
            "fear": 99.97962117438064,
            "happy": 1.5674730754409839e-06,
            "sad": 0.0009444819408644099,
            "surprise": 0.017126455491235197,
            "neutral": 1.259833953522315e-06
          },
          "gaze_info": {
            "unnormalized_gaze_point": {
              "x": 149,
              "y": 185
            },
            "gaze_target": "other"
          }
        },
        {
          "name": "Person 2",
          "emotion_detected": {
            "angry": 6.499626874901466,
            "disgust": 0.00018366075622579166,
            "fear": 1.100857621482469,
            "happy": 2.6427235166861722,
            "sad": 89.3343859514228,
            "surprise": 0.18343568010244846,
            "neutral": 0.23878967881439203
          },
          "gaze_info": {
            "gaze_target": "camera"
          }
        },
        {
          "name": "Person 3",
          "emotion_detected": {
            "angry": 0.00019397698451939505,
            "disgust": 5.401340263944121e-07,
            "fear": 91.07418060302734,
            "happy": 1.5977408736944199,
            "sad": 5.951934680342674,
            "surprise": 0.03127301170025021,
            "neutral": 1.3446765020489693
          },
          "gaze_info": {
            "unnormalized_gaze_point": {
              "x": 126,
              "y": 149
            },
            "gaze_target": "Person 1",
            "target_profile_id": 1
          }
        }
      ]
    },
    {
      "frame_identifier": "frame_009990.jpg",
      "people_in_frame": [
        {
          "name": "Person 1",
          "emotion_detected": {
            "angry": 0.0011147115156324924,
            "disgust": 1.9019462694890997e-06,
            "fear": 99.3108212537063,
            "happy": 3.1653790365959643e-07,
            "sad": 0.6875098161405215,
            "surprise": 0.00017441511675357933,
            "neutral": 0.0003787731655604859
          },
          "gaze_info": {
            "gaze_target": "camera"
          }
        },
        {
          "name": "Person 2",
          "emotion_detected": {
            "angry": 15.464111947556486,
            "disgust": 0.0020655837998768216,
            "fear": 54.42572017175916,
            "happy": 0.036979866190938564,
            "sad": 30.07061125110589,
            "surprise": 3.180020087454422e-05,
            "neutral": 0.0004901492014753369
          },
          "gaze_info": {
            "unnormalized_gaze_point": {
              "x": 160,
              "y": 137
            },
            "gaze_target": "Person 1",
            "target_profile_id": 1
          }
        },
        {
          "name": "Person 3",
          "emotion_detected": {
            "angry": 1.6737473629291344e-05,
            "disgust": 9.098847369992669e-09,
            "fear": 99.70808625221252,
            "happy": 0.018200016347691417,
            "sad": 0.16985267866402864,
            "surprise": 0.07754117250442505,
            "neutral": 0.02630866365507245
          },
          "gaze_info": {
            "gaze_target": "camera"
          }
        }
      ]
    },
    {
      "frame_identifier": "frame_010020.jpg",
      "people_in_frame": [
        {
          "name": "Person 2",
          "emotion_detected": {
            "angry": 6.6244390085005165,
            "disgust": 0.0016157063381678476,
            "fear": 7.294723081274216,
            "happy": 0.00029620547994647705,
            "sad": 86.0162070999269,
            "surprise": 0.002283259663850645,
            "neutral": 0.0604339329225679
          },
          "gaze_info": {
            "unnormalized_gaze_point": {
              "x": 136,
              "y": 124
            },
            "gaze_target": "Person 1",
            "target_profile_id": 1
          }
        },
        {
          "name": "Person 1",
          "emotion_detected": {
            "angry": 5.399573966860771,
            "disgust": 0.0005808049081679201,
            "fear": 84.69845652580261,
            "happy": 0.0036546065530274063,
            "sad": 9.89513024687767,
            "surprise": 0.0012109632734791376,
            "neutral": 0.0013964738172944635
          },
          "gaze_info": {
            "unnormalized_gaze_point": {
              "x": 171,
              "y": 205
            },
            "gaze_target": "other"
          }
        }
      ]
    },
    {
      "frame_identifier": "frame_010050.jpg",
      "people_in_frame": [
        {
          "name": "Person 1",