{
  "session_summary": {
    "total_frames_processed": 10,
    "distinct_people_identified": {
      "1": {
        "assigned_name": "Person 1",
        "appeared_in_frame_indices": [
          0,
          1,
          2,
          3,
          4,
          5,
          6,
          7,
          8,
          9
        ]
      },
      "2": {
        "assigned_name": "Person 2",
        "appeared_in_frame_indices": [
          0,
          1,
          2,
          3,
          4,
          5,
          6,
          7,
          8,
          9
        ]
      },
      "3": {
        "assigned_name": "Person 3",
        "appeared_in_frame_indices": [
          0,
          7
        ]
      },
      "4": {
        "assigned_name": "Person 4",
        "appeared_in_frame_indices": [
          1
        ]
      }
    }
  },
  "frame_by_frame_analysis": [
    {
      "frame_identifier": "frame_013500.jpg",
      "people_in_frame": [
        {
          "name": "Person 1",
          "emotion_detected": {
            "angry": 58.5083544254303,
            "disgust": 3.667414603114594e-05,
            "fear": 29.47889268398285,
            "happy": 0.0011331883797538467,
            "sad": 0.02704378275666386,
            "surprise": 0.02330863062525168,
            "neutral": 11.961236596107483
          },
          "gaze_info": {
            "gaze_target": "camera"
          }
        },
        {
          "name": "Person 2",
          "emotion_detected": {
            "angry": 0.0038612401112914085,
            "disgust": 2.8812685570756003e-08,
            "fear": 35.8286589384079,
            "happy": 0.0011022620128642302,
            "sad": 0.0006727411346219014,
            "surprise": 64.16565775871277,
            "neutral": 4.484326723286358e-05
          },
          "gaze_info": {
            "unnormalized_gaze_point": {
              "x": 130,
              "y": 133
            },
            "gaze_target": "other"
          }
        },
        {
          "name": "Person 3",
          "emotion_detected": {
            "angry": 0.04205384676614067,
            "disgust": 0.002333056277892276,
            "fear": 64.90299879348264,
            "happy": 0.1504318967976447,
            "sad": 34.89942072623023,
            "surprise": 2.6746567263081547e-06,
            "neutral": 0.0027675386834260557
          },
          "gaze_info": {
            "gaze_target": "camera"
          }
        }
      ]
    },
    {
      "frame_identifier": "frame_013530.jpg",
      "people_in_frame": [
        {
          "name": "Person 1",
          "emotion_detected": {
            "angry": 0.32633980352966807,
            "disgust": 6.188447456967054e-07,
            "fear": 99.48422905708725,
            "happy": 1.8383591923145176e-05,
            "sad": 0.005486552945118759,
            "surprise": 0.11976393420704808,
            "neutral": 0.06416464839739491
          },
          "gaze_info": {
            "gaze_target": "camera"
          }
        },
        {
          "name": "Person 4",
          "emotion_detected": {
            "angry": 99.98834729125186,
            "disgust": 3.4874777130024614e-11,
            "fear": 3.207681422935466e-05,
            "happy": 0.0016644725374889023,
            "sad": 0.009871002700407219,
            "surprise": 1.6217993193620027e-08,
            "neutral": 8.65015801254845e-05
          },
          "gaze_info": {
            "gaze_target": "camera"
          }
        },
        {
          "name": "Person 2",
          "emotion_detected": {
            "angry": 0.002524345472920686,
            "disgust": 4.212442569241637e-11,
            "fear": 0.0703154772054404,
            "happy": 0.0008236351277446374,
            "sad": 0.994375254958868,
            "surprise": 5.593315108853858e-05,
            "neutral": 98.93190264701843
          },
          "gaze_info": {
            "unnormalized_gaze_point": {
              "x": 310,
              "y": 112
            },
            "gaze_target": "other"
          }
        }
      ]
    },
    {
      "frame_identifier": "frame_013560.jpg",
      "people_in_frame": [
        {
          "name": "Person 1",
          "emotion_detected": {
            "angry": 0.05700656911358237,
            "disgust": 3.2441907302056105e-17,
            "fear": 0.0073345465352758765,
            "happy": 5.102066324980115e-06,
            "sad": 0.7748199626803398,
            "surprise": 1.9347079548235474e-15,
            "neutral": 99.16083216667175
          },
          "gaze_info": {
            "unnormalized_gaze_point": {
              "x": 142,
              "y": 149
            },
            "gaze_target": "Person 2",
            "target_profile_id": 2
          }
        },
        {
          "name": "Person 2",
          "emotion_detected": {
            "angry": 94.87589597702026,
            "disgust": 1.603564262212521e-14,
            "fear": 4.978411644697189,
            "happy": 0.000285792179965938,
            "sad": 0.14538613613694906,
            "surprise": 1.707325196775855e-05,
            "neutral": 2.1260875282536063e-07
          },
          "gaze_info": {
            "unnormalized_gaze_point": {
              "x": 243,
              "y": 241
            },
            "gaze_target": "other"
          }
        }
      ]
    },
    {
      "frame_identifier": "frame_013590.jpg",
      "people_in_frame": [
        {
          "name": "Person 1",
          "emotion_detected": {
            "angry": 7.832932472229004,
            "disgust": 9.839391107435702e-09,
            "fear": 1.0095452889800072,
            "happy": 1.9249397631426746e-07,
            "sad": 86.9139552116394,
            "surprise": 1.2044563124646857e-07,
            "neutral": 4.2435623705387115
          },
          "gaze_info": {
            "unnormalized_gaze_point": {
              "x": 142,
              "y": 145
            },
            "gaze_target": "Person 2",
            "target_profile_id": 2
          }
        },
        {
          "name": "Person 2",
          "emotion_detected": {
            "angry": 0.004969990550307557,
            "disgust": 2.8852389769885856e-11,
            "fear": 0.5787645000964403,
            "happy": 4.60112268285684e-06,
            "sad": 98.80915880203247,
            "surprise": 5.694810312206755e-06,
            "neutral": 0.6070949602872133
          },
          "gaze_info": {
            "unnormalized_gaze_point": {
              "x": 285,
              "y": 124
            },
            "gaze_target": "Person 1",
            "target_profile_id": 1
          }
        }
      ]
    },
    {
      "frame_identifier": "frame_013620.jpg",
      "people_in_frame": [
        {
          "name": "Person 1",
          "emotion_detected": {
            "angry": 43.041543908395276,
            "disgust": 3.375731160936768e-05,
            "fear": 2.5638027975802657,
            "happy": 0.016030977669123293,
            "sad": 19.629106455285513,
            "surprise": 7.976756682677823e-06,
            "neutral": 34.74947835495681
          },
          "gaze_info": {
            "unnormalized_gaze_point": {
              "x": 153,
              "y": 157
            },
            "gaze_target": "Person 2",
            "target_profile_id": 2
          }
        },
        {
          "name": "Person 2",
          "emotion_detected": {
            "angry": 0.1167313731003626,
            "disgust": 2.83016915674622e-07,
            "fear": 0.012254178730554356,
            "happy": 0.0003439753050249834,
            "sad": 18.783776091562277,
            "surprise": 0.00035664192944103476,
            "neutral": 81.08653909483785
          },
          "gaze_info": {
            "unnormalized_gaze_point": {
              "x": 177,
              "y": 249
            },
            "gaze_target": "other"
          }
        }
      ]
    },
    {
      "frame_identifier": "frame_013650.jpg",