{
  "session_summary": {
    "total_frames_processed": 10,
    "distinct_people_identified": {
      "1": {
        "assigned_name": "Person 1",
        "appeared_in_frame_indices": [
          0,
          1,
          2,
          3,
          4,
          5,
          6,
          7,
          8,
          9
        ]
      },
      "2": {
        "assigned_name": "Person 2",
        "appeared_in_frame_indices": [
          1,
          5,
          8,
          9
        ]
      },
      "3": {
        "assigned_name": "Person 3",
        "appeared_in_frame_indices": [
          2
        ]
      },
      "4": {
        "assigned_name": "Person 4",
        "appeared_in_frame_indices": [
          8,
          9
        ]
      }
    }
  },
  "frame_by_frame_analysis": [
    {
      "frame_identifier": "frame_009300.jpg",
      "people_in_frame": [
        {
          "name": "Person 1",
          "emotion_detected": {
            "angry": 2.527469270061059e-10,
            "disgust": 8.852183454046204e-23,
            "fear": 95.44700953048525,
            "happy": 4.900544780530863e-11,
            "sad": 4.552848908474976,
            "surprise": 1.332591487322918e-14,
            "neutral": 0.00014398725346504638
          },
          "gaze_info": {
            "unnormalized_gaze_point": {
              "x": 106,
              "y": 120
            },
            "gaze_target": "other"
          }
        },
        {
          "name": "Person 1",
          "emotion_detected": {
            "angry": 0.7002419792115688,
            "disgust": 9.857500015905685e-11,
            "fear": 95.04292011260986,
            "happy": 9.945980671000054e-11,
            "sad": 3.8469024002552032,
            "surprise": 2.3816749461502695e-06,
            "neutral": 0.4099388141185045
          },
          "gaze_info": {
            "unnormalized_gaze_point": {
              "x": 234,
              "y": 124
            },
            "gaze_target": "other"
          }
        }
      ]
    },
    {
      "frame_identifier": "frame_009330.jpg",
      "people_in_frame": [
        {
          "name": "Person 1",
          "emotion_detected": {
            "angry": 0.0037322446587495506,
            "disgust": 1.3586226361875318e-13,
            "fear": 0.02974162343889475,
            "happy": 9.140887158309852e-06,
            "sad": 2.931896038353443,
            "surprise": 0.030055295792408288,
            "neutral": 97.00456857681274
          },
          "gaze_info": {
            "unnormalized_gaze_point": {
              "x": 139,
              "y": 141
            },
            "gaze_target": "other"
          }
        },
        {
          "name": "Person 1",
          "emotion_detected": {
            "angry": 6.053006945498651e-11,
            "disgust": 1.5497218705385442e-25,
            "fear": 10.793614387512207,
            "happy": 5.576434631985108e-13,
            "sad": 89.2063558101654,
            "surprise": 1.5247512521604983e-20,
            "neutral": 3.5653911822919326e-05
          },
          "gaze_info": {
            "unnormalized_gaze_point": {
              "x": 139,
              "y": 141
            },
            "gaze_target": "other"
          }
        },
        {
          "name": "Person 2",
          "emotion_detected": {
            "angry": 0.022895530855748802,
            "disgust": 4.282844301428668e-06,
            "fear": 15.957275032997131,
            "happy": 83.80219340324402,
            "sad": 0.2175783971324563,
            "surprise": 3.5702811818083546e-07,
            "neutral": 4.681222947056085e-05
          },
          "gaze_info": {
            "unnormalized_gaze_point": {
              "x": 129,
              "y": 124
            },
            "gaze_target": "Person 1",
            "target_profile_id": 1
          }
        }
      ]
    },
    {
      "frame_identifier": "frame_009360.jpg",
      "people_in_frame": [
        {
          "name": "Person 1",
          "emotion_detected": {
            "angry": 0.0028539796285607815,
            "disgust": 0.0004808894405101186,
            "fear": 1.447806686777275,
            "happy": 0.0014558488104835375,
            "sad": 98.54718438072112,
            "surprise": 1.661259336830569e-10,
            "neutral": 0.00022245316320430948
          },
          "gaze_info": {
            "unnormalized_gaze_point": {
              "x": 324,
              "y": 124
            },
            "gaze_target": "other"
          }
        },
        {
          "name": "Person 1",
          "emotion_detected": {
            "angry": 0.0009050389962794725,
            "disgust": 2.0962318025499915e-17,
            "fear": 0.09564028005115688,
            "happy": 2.6125812756706715e-14,
            "sad": 88.90119194984436,
            "surprise": 6.947264622305174e-12,
            "neutral": 11.002257466316223
          },
          "gaze_info": {
            "unnormalized_gaze_point": {
              "x": 229,
              "y": 249
            },
            "gaze_target": "other"
          }
        },
        {
          "name": "Person 3",
          "emotion_detected": {
            "angry": 0.002012569166254252,
            "disgust": 8.194191158938935e-09,
            "fear": 0.06965289358049631,
            "happy": 1.8815544677863727e-06,
            "sad": 99.83356595039368,
            "surprise": 8.450493776956947e-10,
            "neutral": 0.09476321283727884
          },
          "gaze_info": {
            "unnormalized_gaze_point": {
              "x": 145,
              "y": 173
            },
            "gaze_target": "Person 1",
            "target_profile_id": 1
          }
        }
      ]
    },
    {
      "frame_identifier": "frame_009390.jpg",
      "people_in_frame": [
        {
          "name": "Person 1",
          "emotion_detected": {
            "angry": 0.4450674699327314,
            "disgust": 0.0012970397347140462,
            "fear": 16.094614993883965,
            "happy": 0.12066243490650475,
            "sad": 82.83092174898646,
            "surprise": 0.022363749786801612,
            "neutral": 0.48507644058185106
          },
          "gaze_info": {
            "unnormalized_gaze_point": {
              "x": 170,
              "y": 173
            },
            "gaze_target": "other"
          }
        },
        {
          "name": "Person 1",
          "emotion_detected": {
            "angry": 1.774611696600914,
            "disgust": 9.305540279308522e-11,
            "fear": 1.9773287363022973e-05,
            "happy": 2.665173681748456e-06,
            "sad": 2.0468581467866898,
            "surprise": 1.8304642523947479e-09,
            "neutral": 96.17851376533508
          },
          "gaze_info": {
            "unnormalized_gaze_point": {
              "x": 187,
              "y": 245
            },
            "gaze_target": "other"
          }
        }
      ]
    },
    {
      "frame_identifier": "frame_009420.jpg",
      "people_in_frame": [
        {
          "name": "Person 1",
          "emotion_detected": {
            "angry": 0.05368614802137017,
            "disgust": 1.2197610033126693e-05,
            "fear": 0.37596772890537977,
            "happy": 0.014034846390131861,
            "sad": 99.21076893806458,
            "surprise": 0.0022785050532547757,
            "neutral": 0.3432519035413861
          },
          "gaze_info": {
            "unnormalized_gaze_point": {
              "x": 287,
              "y": 249
            },
            "gaze_target": "other"
          }
        }
      ]
    },
    {
      "frame_identifier": "frame_009450.jpg",
      "people_in_frame": [
        {
          "name": "Person 1",
          "emotion_detected": {
            "angry": 0.0006391723144486576,
            "disgust": 3.241038186720849e-09,
            "fear": 7.632178523074301,
            "happy": 0.0004574794092890175,
            "sad": 92.0087451940027,