{
  "session_summary": {
    "total_frames_processed": 10,
    "distinct_people_identified": {
      "1": {
        "assigned_name": "Person 1",
        "appeared_in_frame_indices": [
          0,
          1,
          2,
          3,
          4,
          5,
          6,
          7,
          8,
          9
        ]
      },
      "2": {
        "assigned_name": "Person 2",
        "appeared_in_frame_indices": [
          0,
          1,
          2,
          3,
          4,
          5,
          6,
          7,
          8,
          9
        ]
      },
      "3": {
        "assigned_name": "Person 3",
        "appeared_in_frame_indices": [
          0,
          4,
          5,
          7,
          8
        ]
      },
      "4": {
        "assigned_name": "Person 4",
        "appeared_in_frame_indices": [
          1,
          2,
          3,
          4
        ]
      }
    }
  },
  "frame_by_frame_analysis": [
    {
      "frame_identifier": "frame_010200.jpg",
      "people_in_frame": [
        {
          "name": "Person 1",
          "emotion_detected": {
            "angry": 88.64014677048604,
            "disgust": 5.911714581622052e-07,
            "fear": 8.408362174532543,
            "happy": 0.006773510944102612,
            "sad": 2.9446402457142025,
            "surprise": 1.662735612825637e-05,
            "neutral": 5.8213780735148555e-05
          },
          "gaze_info": {
            "unnormalized_gaze_point": {
              "x": 294,
              "y": 137
            },
            "gaze_target": "other"
          }
        },
        {
          "name": "Person 2",
          "emotion_detected": {
            "angry": 0.04566060069229309,
            "disgust": 3.352404207547045e-05,
            "fear": 53.140697070401735,
            "happy": 0.0008272877077771474,
            "sad": 45.19747169002722,
            "surprise": 0.15383494072168713,
            "neutral": 1.4614782235907449
          },
          "gaze_info": {
            "unnormalized_gaze_point": {
              "x": 311,
              "y": 249
            },
            "gaze_target": "other"
          }
        },
        {
          "name": "Person 3",
          "emotion_detected": {
            "angry": 0.0001149461787457206,
            "disgust": 1.1471241565056163e-07,
            "fear": 91.01234513741943,
            "happy": 1.895417984500763,
            "sad": 4.71807169343323,
            "surprise": 0.9065933284032336,
            "neutral": 1.4674624258212612
          },
          "gaze_info": {
            "gaze_target": "camera"
          }
        }
      ]
    },
    {
      "frame_identifier": "frame_010230.jpg",
      "people_in_frame": [
        {
          "name": "Person 1",
          "emotion_detected": {
            "angry": 99.90894197874916,
            "disgust": 1.7144567344076155e-08,
            "fear": 0.07516200869378499,
            "happy": 0.004033172321504009,
            "sad": 0.011729016085767215,
            "surprise": 0.00013168409725953915,
            "neutral": 2.060185389624448e-06
          },
          "gaze_info": {
            "unnormalized_gaze_point": {
              "x": 294,
              "y": 137
            },
            "gaze_target": "other"
          }
        },
        {
          "name": "Person 2",
          "emotion_detected": {
            "angry": 0.01149881508611298,
            "disgust": 7.209115999636877e-06,
            "fear": 34.032150026303526,
            "happy": 0.0006513272770728064,
            "sad": 65.03408371995882,
            "surprise": 0.018563608288632835,
            "neutral": 0.9030457440858193
          },
          "gaze_info": {
            "unnormalized_gaze_point": {
              "x": 311,
              "y": 249
            },
            "gaze_target": "other"
          }
        },
        {
          "name": "Person 4",
          "emotion_detected": {
            "angry": 0.09644749807193875,
            "disgust": 1.3892152705974325e-08,
            "fear": 0.11475728824734688,
            "happy": 0.15091265086084604,
            "sad": 99.33438301086426,
            "surprise": 1.6027462560255779e-10,
            "neutral": 0.3035008907318115
          },
          "gaze_info": {
            "unnormalized_gaze_point": {
              "x": 306,
              "y": 249
            },
            "gaze_target": "other"
          }
        }
      ]
    },
    {
      "frame_identifier": "frame_010260.jpg",
      "people_in_frame": [
        {
          "name": "Person 1",
          "emotion_detected": {
            "angry": 92.63992861747316,
            "disgust": 3.822731122518317e-14,
            "fear": 4.088846554138079e-05,
            "happy": 0.0030878572964555275,
            "sad": 7.332657714644534,
            "surprise": 3.0976754259506115e-09,
            "neutral": 0.024283153462802826
          },
          "gaze_info": {
            "unnormalized_gaze_point": {
              "x": 277,
              "y": 129
            },
            "gaze_target": "Person 2",
            "target_profile_id": 2
          }
        },
        {
          "name": "Person 2",
          "emotion_detected": {
            "angry": 0.03803795552812517,
            "disgust": 7.78687763158814e-05,
            "fear": 99.70784187316895,
            "happy": 0.20454125478863716,
            "sad": 0.032939770608209074,
            "surprise": 0.0003798879333771765,
            "neutral": 0.016185814456548542
          },
          "gaze_info": {
            "gaze_target": "camera"
          }
        },
        {
          "name": "Person 4",
          "emotion_detected": {
            "angry": 1.669940638240614,
            "disgust": 4.1559678178002805e-07,
            "fear": 1.1818393838011851,
            "happy": 0.05063577856932751,
            "sad": 96.83617930627938,
            "surprise": 2.3382701249934595e-10,
            "neutral": 0.2614035659747461
          },
          "gaze_info": {
            "unnormalized_gaze_point": {
              "x": 147,
              "y": 157
            },
            "gaze_target": "Person 1",
            "target_profile_id": 1
          }
        }
      ]
    },
    {
      "frame_identifier": "frame_010290.jpg",
      "people_in_frame": [
        {
          "name": "Person 2",
          "emotion_detected": {
            "angry": 3.2038655132055283,
            "disgust": 0.13609316665679216,
            "fear": 22.17150777578354,
            "happy": 0.4833160899579525,
            "sad": 70.0793206691742,
            "surprise": 0.012731665628962219,
            "neutral": 3.9131656289100647
          },
          "gaze_info": {
            "gaze_target": "camera"
          }
        },
        {
          "name": "Person 1",
          "emotion_detected": {
            "angry": 2.242078765754626,
            "disgust": 7.79941682394779e-12,
            "fear": 94.32768787906694,
            "happy": 0.08440046142938504,
            "sad": 3.0838040610435047,
            "surprise": 0.26117099143093775,
            "neutral": 0.0008648159170448488
          },
          "gaze_info": {
            "unnormalized_gaze_point": {
              "x": 171,
              "y": 181
            },
            "gaze_target": "Person 2",
            "target_profile_id": 2
          }
        },
        {
          "name": "Person 4",
          "emotion_detected": {
            "angry": 1.6476055505745946,
            "disgust": 4.123461968815348e-07,
            "fear": 1.1665526318189345,
            "happy": 0.05009861764253764,
            "sad": 96.87926806458616,
            "surprise": 2.2488390845012885e-10,
            "neutral": 0.2564672540614302
          },
          "gaze_info": {
            "gaze_target": "camera"
          }
        }
      ]
    },
    {
      "frame_identifier": "frame_010320.jpg",
      "people_in_frame": [
        {
          "name": "Person 1",