{
  "session_summary": {
    "total_frames_processed": 10,
    "distinct_people_identified": {
      "1": {
        "assigned_name": "Person 1",
        "appeared_in_frame_indices": [
          0,
          1,
          2,
          5,
          6,
          7,
          8,
          9
        ]
      },
      "2": {
        "assigned_name": "Person 2",
        "appeared_in_frame_indices": [
          0,
          1,
          2,
          3,
          4,
          5,
          6,
          7,
          8,
          9
        ]
      }
    }
  },
  "frame_by_frame_analysis": [
    {
      "frame_identifier": "frame_004500.jpg",
      "people_in_frame": [
        {
          "name": "Person 1",
          "emotion_detected": {
            "angry": 0.051654159324243665,
            "disgust": 5.558187243792645e-08,
            "fear": 84.28640961647034,
            "happy": 1.7924450901318778e-05,
            "sad": 14.961248636245728,
            "surprise": 0.0033008444006554782,
            "neutral": 0.6973654963076115
          },
          "gaze_info": {
            "unnormalized_gaze_point": {
              "x": 159,
              "y": 173
            },
            "gaze_target": "Person 2",
            "target_profile_id": 2
          }
        },
        {
          "name": "Person 2",
          "emotion_detected": {
            "angry": 6.263248995736181,
            "disgust": 6.305768159340753e-05,
            "fear": 61.936787482308596,
            "happy": 0.0031768324408375436,
            "sad": 18.27037741365298,
            "surprise": 0.00030100756678332974,
            "neutral": 13.52604708230776
          },
          "gaze_info": {
            "unnormalized_gaze_point": {
              "x": 147,
              "y": 133
            },
            "gaze_target": "Person 1",
            "target_profile_id": 1
          }
        }
      ]
    },
    {
      "frame_identifier": "frame_004530.jpg",
      "people_in_frame": [
        {
          "name": "Person 1",
          "emotion_detected": {
            "angry": 0.040521459565609916,
            "disgust": 0.007457935740867315,
            "fear": 18.155601886916497,
            "happy": 76.4911728783559,
            "sad": 5.058852742705239,
            "surprise": 0.05494348406712426,
            "neutral": 0.19145858172331723
          },
          "gaze_info": {
            "unnormalized_gaze_point": {
              "x": 273,
              "y": 129
            },
            "gaze_target": "Person 2",
            "target_profile_id": 2
          }
        },
        {
          "name": "Person 2",
          "emotion_detected": {
            "angry": 18.222129344940186,
            "disgust": 7.16863945982027e-07,
            "fear": 51.99926495552063,
            "happy": 0.0002132436975443852,
            "sad": 19.674009084701538,
            "surprise": 1.5589461666021265e-08,
            "neutral": 10.104382038116455
          },
          "gaze_info": {
            "unnormalized_gaze_point": {
              "x": 125,
              "y": 124
            },
            "gaze_target": "Person 1",
            "target_profile_id": 1
          }
        }
      ]
    },
    {
      "frame_identifier": "frame_004560.jpg",
      "people_in_frame": [
        {
          "name": "Person 2",
          "emotion_detected": {
            "angry": 2.6503795757889748,
            "disgust": 6.348585546156471e-08,
            "fear": 48.09235334396362,
            "happy": 0.00012835172356062685,
            "sad": 37.61017322540283,
            "surprise": 1.7984629410716657e-09,
            "neutral": 11.64696216583252
          },
          "gaze_info": {
            "unnormalized_gaze_point": {
              "x": 285,
              "y": 120
            },
            "gaze_target": "other"
          }
        },
        {
          "name": "Person 1",
          "emotion_detected": {
            "angry": 27.25347876548767,
            "disgust": 1.5680122478212155e-08,
            "fear": 0.010175450734095648,
            "happy": 72.72678017616272,
            "sad": 0.005627440623356961,
            "surprise": 6.701356691785065e-08,
            "neutral": 0.003937652581953444
          },
          "gaze_info": {
            "unnormalized_gaze_point": {
              "x": 279,
              "y": 120
            },
            "gaze_target": "Person 2",
            "target_profile_id": 2
          }
        }
      ]
    },
    {
      "frame_identifier": "frame_004590.jpg",
      "people_in_frame": [
        {
          "name": "Person 2",
          "emotion_detected": {
            "angry": 11.540856900266224,
            "disgust": 3.8353318035037146e-11,
            "fear": 83.10504455000428,
            "happy": 2.1315116276839454e-06,
            "sad": 3.0041418897594148,
            "surprise": 3.0771077625679377e-10,
            "neutral": 2.3499581500862927
          },
          "gaze_info": {
            "unnormalized_gaze_point": {
              "x": 293,
              "y": 253
            },
            "gaze_target": "other"
          }
        }
      ]
    },
    {
      "frame_identifier": "frame_004620.jpg",
      "people_in_frame": [
        {
          "name": "Person 2",
          "emotion_detected": {
            "angry": 87.89020776748657,
            "disgust": 1.2163609482000724e-17,
            "fear": 0.046204059617593884,
            "happy": 5.405294267735172e-11,
            "sad": 0.12611873680725694,
            "surprise": 3.255942878591794e-11,
            "neutral": 11.937472224235535
          },
          "gaze_info": {
            "gaze_target": "camera"
          }
        }
      ]
    },
    {
      "frame_identifier": "frame_004650.jpg",
      "people_in_frame": [
        {
          "name": "Person 2",
          "emotion_detected": {
            "angry": 0.045119901187717915,
            "disgust": 4.1754327007500675e-15,
            "fear": 7.557941973209381,
            "happy": 1.378129641654846e-09,
            "sad": 72.15935587882996,
            "surprise": 2.3010033548681585e-11,
            "neutral": 20.237581431865692
          },
          "gaze_info": {
            "unnormalized_gaze_point": {
              "x": 299,
              "y": 124
            },
            "gaze_target": "other"
          }
        },
        {
          "name": "Person 1",
          "emotion_detected": {
            "angry": 99.98130202516293,
            "disgust": 1.5993179218641615e-14,
            "fear": 0.01869354086902623,
            "happy": 6.936923097226659e-07,
            "sad": 1.3324729063755159e-06,
            "surprise": 8.070463737827787e-13,
            "neutral": 1.7496635733375058e-09
          },
          "gaze_info": {
            "gaze_target": "camera"
          }
        }
      ]
    },
    {
      "frame_identifier": "frame_004680.jpg",
      "people_in_frame": [
        {
          "name": "Person 2",
          "emotion_detected": {
            "angry": 0.053243321599438787,
            "disgust": 2.7897229339969576e-11,
            "fear": 20.45213431119919,
            "happy": 6.229623039644139e-07,
            "sad": 74.31974411010742,
            "surprise": 3.7624091342447485e-09,
            "neutral": 5.174875631928444
          },
          "gaze_info": {
            "unnormalized_gaze_point": {
              "x": 287,
              "y": 124
            },
            "gaze_target": "other"
          }
        },
        {
          "name": "Person 1",
          "emotion_detected": {
            "angry": 99.99920129776001,
            "disgust": 9.970181554267918e-12,
            "fear": 0.0007966523298819084,
            "happy": 5.127959568085316e-06,
            "sad": 1.6322923013234458e-07,
            "surprise": 1.5691785371085842e-08,
            "neutral": 1.1900716523349786e-08
          },
          "gaze_info": {
            "unnormalized_gaze_point": {
              "x": 287,