{
  "session_summary": {
    "total_frames_processed": 10,
    "distinct_people_identified": {
      "1": {
        "assigned_name": "Person 1",
        "appeared_in_frame_indices": [
          0,
          1,
          2,
          3,
          4,
          5,
          6,
          7,
          8,
          9
        ]
      },
      "2": {
        "assigned_name": "Person 2",
        "appeared_in_frame_indices": [
          0,
          1,
          2,
          3,
          4,
          5,
          6,
          7,
          8,
          9
        ]
      },
      "3": {
        "assigned_name": "Person 3",
        "appeared_in_frame_indices": [
          3,
          9
        ]
      },
      "4": {
        "assigned_name": "Person 4",
        "appeared_in_frame_indices": [
          8
        ]
      }
    }
  },
  "frame_by_frame_analysis": [
    {
      "frame_identifier": "frame_009600.jpg",
      "people_in_frame": [
        {
          "name": "Person 1",
          "emotion_detected": {
            "angry": 0.6630416818608859,
            "disgust": 3.223184521602199e-05,
            "fear": 21.889774130555885,
            "happy": 0.0031040017409829637,
            "sad": 77.22357836050729,
            "surprise": 0.002610933863452668,
            "neutral": 0.21785961267168674
          },
          "gaze_info": {
            "unnormalized_gaze_point": {
              "x": 170,
              "y": 189
            },
            "gaze_target": "other"
          }
        },
        {
          "name": "Person 2",
          "emotion_detected": {
            "angry": 4.937317399367203e-06,
            "disgust": 2.701100444699454e-21,
            "fear": 7.50403017502066e-08,
            "happy": 5.703654110223257e-14,
            "sad": 0.28002236504107714,
            "surprise": 4.853048387923606e-16,
            "neutral": 99.71997737884521
          },
          "gaze_info": {
            "unnormalized_gaze_point": {
              "x": 182,
              "y": 249
            },
            "gaze_target": "other"
          }
        }
      ]
    },
    {
      "frame_identifier": "frame_009630.jpg",
      "people_in_frame": [
        {
          "name": "Person 2",
          "emotion_detected": {
            "angry": 1.1823820500467264e-05,
            "disgust": 3.0766280193979106e-25,
            "fear": 3.207672349958557e-07,
            "happy": 1.6430975131672693e-18,
            "sad": 6.267379969358444,
            "surprise": 1.5954183271288466e-21,
            "neutral": 93.73260736465454
          },
          "gaze_info": {
            "unnormalized_gaze_point": {
              "x": 182,
              "y": 249
            },
            "gaze_target": "other"
          }
        },
        {
          "name": "Person 1",
          "emotion_detected": {
            "angry": 0.07073585614171848,
            "disgust": 1.74197375297446e-05,
            "fear": 17.896955562000805,
            "happy": 0.04436671496002049,
            "sad": 81.86990238786908,
            "surprise": 0.005674099207939861,
            "neutral": 0.1123459526521322
          },
          "gaze_info": {
            "unnormalized_gaze_point": {
              "x": 171,
              "y": 185
            },
            "gaze_target": "other"
          }
        }
      ]
    },
    {
      "frame_identifier": "frame_009660.jpg",
      "people_in_frame": [
        {
          "name": "Person 2",
          "emotion_detected": {
            "angry": 1.4431256545321958e-05,
            "disgust": 2.3634357461339067e-26,
            "fear": 1.0688146201420778e-08,
            "happy": 1.200975049533288e-18,
            "sad": 1.4548779465258121,
            "surprise": 3.619881534528392e-22,
            "neutral": 98.54511022567749
          },
          "gaze_info": {
            "unnormalized_gaze_point": {
              "x": 233,
              "y": 249
            },
            "gaze_target": "other"
          }
        },
        {
          "name": "Person 1",
          "emotion_detected": {
            "angry": 0.0633703195489943,
            "disgust": 1.5968460331805545e-06,
            "fear": 21.001403033733368,
            "happy": 0.014098342217039317,
            "sad": 78.85763049125671,
            "surprise": 0.00514901548740454,
            "neutral": 0.058349635219201446
          },
          "gaze_info": {
            "unnormalized_gaze_point": {
              "x": 171,
              "y": 185
            },
            "gaze_target": "other"
          }
        }
      ]
    },
    {
      "frame_identifier": "frame_009690.jpg",
      "people_in_frame": [
        {
          "name": "Person 2",
          "emotion_detected": {
            "angry": 5.3406620281748474e-05,
            "disgust": 1.376976628801133e-22,
            "fear": 1.5286875765241348e-06,
            "happy": 9.977180612988243e-17,
            "sad": 6.958966702222824,
            "surprise": 5.621910515970974e-20,
            "neutral": 93.04097890853882
          },
          "gaze_info": {
            "unnormalized_gaze_point": {
              "x": 188,
              "y": 245
            },
            "gaze_target": "other"
          }
        },
        {
          "name": "Person 1",
          "emotion_detected": {
            "angry": 0.1182990173271617,
            "disgust": 0.00011768399001546271,
            "fear": 91.70722266521724,
            "happy": 0.12005049769437286,
            "sad": 7.942000233173398,
            "surprise": 0.04789165966690745,
            "neutral": 0.06442207563298352
          },
          "gaze_info": {
            "unnormalized_gaze_point": {
              "x": 171,
              "y": 185
            },
            "gaze_target": "other"
          }
        },
        {
          "name": "Person 3",
          "emotion_detected": {
            "angry": 0.05501904451061255,
            "disgust": 3.907943014067399e-06,
            "fear": 0.6791901430708,
            "happy": 88.3392049861902,
            "sad": 10.924322345933634,
            "surprise": 0.00035977875799569903,
            "neutral": 0.0018964224649899867
          },
          "gaze_info": {
            "unnormalized_gaze_point": {
              "x": 171,
              "y": 181
            },
            "gaze_target": "Person 2",
            "target_profile_id": 2
          }
        }
      ]
    },
    {
      "frame_identifier": "frame_009720.jpg",
      "people_in_frame": [
        {
          "name": "Person 2",
          "emotion_detected": {
            "angry": 9.695688172920763e-05,
            "disgust": 1.1186892630512328e-23,
            "fear": 6.210378803902709e-07,
            "happy": 8.065448469449929e-19,
            "sad": 8.94441806938756,
            "surprise": 7.106923260527728e-22,
            "neutral": 91.0554820928265
          },
          "gaze_info": {
            "unnormalized_gaze_point": {
              "x": 165,
              "y": 245
            },
            "gaze_target": "other"
          }
        },
        {
          "name": "Person 1",
          "emotion_detected": {
            "angry": 0.0007620405996183895,
            "disgust": 9.141590838123334e-08,
            "fear": 92.09992979765775,
            "happy": 0.5711596709597503,
            "sad": 7.322521379885509,
            "surprise": 0.0013509468980634559,
            "neutral": 0.004267867771524866
          },
          "gaze_info": {
            "unnormalized_gaze_point": {
              "x": 171,
              "y": 181
            },
            "gaze_target": "Person 2",
            "target_profile_id": 2
          }
        }
      ]
    },
    {
      "frame_identifier": "frame_009750.jpg",
      "people_in_frame": [
        {
          "name": "Person 2",
          "emotion_detected": {
            "angry": 0.005127430631546304,
            "disgust": 1.6365002408758045e-08,
            "fear": 0.1951525453478098,