{
  "session_summary": {
    "total_frames_processed": 10,
    "distinct_people_identified": {
      "1": {
        "assigned_name": "Person 1",
        "appeared_in_frame_indices": [
          0,
          2,
          3,
          4,
          5,
          6,
          7,
          8,
          9
        ]
      },
      "2": {
        "assigned_name": "Person 2",
        "appeared_in_frame_indices": [
          0,
          2,
          3,
          4,
          5,
          6,
          7,
          8
        ]
      },
      "3": {
        "assigned_name": "Person 3",
        "appeared_in_frame_indices": [
          1,
          9
        ]
      },
      "4": {
        "assigned_name": "Person 4",
        "appeared_in_frame_indices": [
          9
        ]
      }
    }
  },
  "frame_by_frame_analysis": [
    {
      "frame_identifier": "frame_013200.jpg",
      "people_in_frame": [
        {
          "name": "Person 1",
          "emotion_detected": {
            "angry": 1.5144167467951775,
            "disgust": 1.3151989497472982e-07,
            "fear": 0.48710592091083527,
            "happy": 1.8643883988261223,
            "sad": 0.11764289811253548,
            "surprise": 0.0007977884706633631,
            "neutral": 96.0156500339508
          },
          "gaze_info": {
            "gaze_target": "camera"
          }
        },
        {
          "name": "Person 2",
          "emotion_detected": {
            "angry": 0.0009052033419720829,
            "disgust": 1.4349427399548676e-13,
            "fear": 2.280835431633932e-06,
            "happy": 1.0116094273371345e-05,
            "sad": 0.6364796310663223,
            "surprise": 4.1452866139657374e-08,
            "neutral": 99.36259984970093
          },
          "gaze_info": {
            "unnormalized_gaze_point": {
              "x": 192,
              "y": 249
            },
            "gaze_target": "other"
          }
        }
      ]
    },
    {
      "frame_identifier": "frame_013230.jpg",
      "people_in_frame": [
        {
          "name": "Person 3",
          "emotion_detected": {
            "angry": 0.0004120577405088771,
            "disgust": 1.1534169862810227e-05,
            "fear": 3.3566901598388053,
            "happy": 0.9460861427239264,
            "sad": 94.50839129140326,
            "surprise": 0.00034109577641543436,
            "neutral": 1.1880711429161515
          },
          "gaze_info": {
            "unnormalized_gaze_point": {
              "x": 97,
              "y": 150
            },
            "gaze_target": "other"
          }
        }
      ]
    },
    {
      "frame_identifier": "frame_013260.jpg",
      "people_in_frame": [
        {
          "name": "Person 1",
          "emotion_detected": {
            "angry": 0.06282035985077082,
            "disgust": 8.51226695463986e-08,
            "fear": 99.4973003564656,
            "happy": 6.063373453907154e-06,
            "sad": 0.004256556238904222,
            "surprise": 2.1549462166845437e-05,
            "neutral": 0.43559104937857684
          },
          "gaze_info": {
            "unnormalized_gaze_point": {
              "x": 204,
              "y": 201
            },
            "gaze_target": "other"
          }
        },
        {
          "name": "Person 2",
          "emotion_detected": {
            "angry": 1.8024079630260363e-21,
            "disgust": 1.6471023664175487e-34,
            "fear": 0.006384581882612072,
            "happy": 1.0170626297641921e-14,
            "sad": 99.99361634216406,
            "surprise": 2.177007105895859e-21,
            "neutral": 2.4522216831053815e-06
          },
          "gaze_info": {
            "unnormalized_gaze_point": {
              "x": 330,
              "y": 120
            },
            "gaze_target": "other"
          }
        }
      ]
    },
    {
      "frame_identifier": "frame_013290.jpg",
      "people_in_frame": [
        {
          "name": "Person 1",
          "emotion_detected": {
            "angry": 3.159545730406555,
            "disgust": 0.011918207053765187,
            "fear": 91.15377770021227,
            "happy": 0.22082766213832353,
            "sad": 0.06376628702312266,
            "surprise": 0.0009487639323593738,
            "neutral": 5.389215527270373
          },
          "gaze_info": {
            "unnormalized_gaze_point": {
              "x": 203,
              "y": 193
            },
            "gaze_target": "other"
          }
        },
        {
          "name": "Person 2",
          "emotion_detected": {
            "angry": 5.603874808780837,
            "disgust": 0.0006349724950392169,
            "fear": 32.6267112867064,
            "happy": 1.3132181801329958,
            "sad": 60.36189558278892,
            "surprise": 0.002599973022726619,
            "neutral": 0.09107261391230606
          },
          "gaze_info": {
            "gaze_target": "camera"
          }
        }
      ]
    },
    {
      "frame_identifier": "frame_013320.jpg",
      "people_in_frame": [
        {
          "name": "Person 1",
          "emotion_detected": {
            "angry": 3.362533077597618,
            "disgust": 4.7202055952766386e-05,
            "fear": 92.2223150730133,
            "happy": 0.00011229647043364821,
            "sad": 1.049687247723341,
            "surprise": 0.0003188611799487262,
            "neutral": 3.3649954944849014
          },
          "gaze_info": {
            "unnormalized_gaze_point": {
              "x": 173,
              "y": 217
            },
            "gaze_target": "other"
          }
        },
        {
          "name": "Person 2",
          "emotion_detected": {
            "angry": 2.4446718330210166e-08,
            "disgust": 8.654826503698376e-11,
            "fear": 52.05867004744232,
            "happy": 0.06697622410625065,
            "sad": 47.25721760137186,
            "surprise": 8.46043945092621e-10,
            "neutral": 0.617134561293397
          },
          "gaze_info": {
            "unnormalized_gaze_point": {
              "x": 179,
              "y": 201
            },
            "gaze_target": "other"
          }
        }
      ]
    },
    {
      "frame_identifier": "frame_013350.jpg",
      "people_in_frame": [
        {
          "name": "Person 1",
          "emotion_detected": {
            "angry": 95.01526922078546,
            "disgust": 0.010913434303095373,
            "fear": 0.9971431119527288,
            "happy": 3.91712510091812,
            "sad": 0.0002979550522711928,
            "surprise": 1.0661401641942227e-05,
            "neutral": 0.0592426141179421
          },
          "gaze_info": {
            "unnormalized_gaze_point": {
              "x": 203,
              "y": 149
            },
            "gaze_target": "other"
          }
        },
        {
          "name": "Person 2",
          "emotion_detected": {
            "angry": 0.01339558803010732,
            "disgust": 0.0015284380424418487,
            "fear": 4.128367081284523,
            "happy": 0.00440446128777694,
            "sad": 85.73005795478821,
            "surprise": 0.0034145770769100636,
            "neutral": 10.118833929300308
          },
          "gaze_info": {
            "gaze_target": "camera"
          }
        }
      ]
    },
    {
      "frame_identifier": "frame_013380.jpg",
      "people_in_frame": [
        {
          "name": "Person 1",
          "emotion_detected": {
            "angry": 32.90739357471466,
            "disgust": 0.05969971534796059,
            "fear": 5.462674051523209,
            "happy": 59.49564576148987,
            "sad": 0.027219613548368216,
            "surprise": 0.02567511983215809,
            "neutral": 2.0216917619109154
          },
          "gaze_info": {
            "unnormalized_gaze_point": {
              "x": 155,
              "y": 177
            },
            "gaze_target": "Person 2",