{
  "session_summary": {
    "total_frames_processed": 10,
    "distinct_people_identified": {
      "1": {
        "assigned_name": "Person 1",
        "appeared_in_frame_indices": [
          0,
          1,
          2,
          3,
          4,
          5,
          6,
          7,
          8,
          9
        ]
      },
      "2": {
        "assigned_name": "Person 2",
        "appeared_in_frame_indices": [
          0,
          1,
          2,
          3,
          4,
          5,
          6,
          7,
          8,
          9
        ]
      }
    }
  },
  "frame_by_frame_analysis": [
    {
      "frame_identifier": "frame_001200.jpg",
      "people_in_frame": [
        {
          "name": "Person 1",
          "emotion_detected": {
            "angry": 42.74206118238337,
            "disgust": 9.178680585338508e-07,
            "fear": 0.006607841017331765,
            "happy": 0.037632448280674115,
            "sad": 0.5643196274679677,
            "surprise": 3.5868366416634e-06,
            "neutral": 56.6493783384191
          },
          "gaze_info": {
            "unnormalized_gaze_point": {
              "x": 129,
              "y": 253
            },
            "gaze_target": "other"
          }
        },
        {
          "name": "Person 2",
          "emotion_detected": {
            "angry": 5.364856878768488e-07,
            "disgust": 5.488943193203304e-24,
            "fear": 0.08917525360101483,
            "happy": 3.178963850977694e-16,
            "sad": 1.1416494595497524,
            "surprise": 1.0991033093679002e-11,
            "neutral": 98.76917593295431
          },
          "gaze_info": {
            "unnormalized_gaze_point": {
              "x": 276,
              "y": 116
            },
            "gaze_target": "Person 1",
            "target_profile_id": 1
          }
        }
      ]
    },
    {
      "frame_identifier": "frame_001230.jpg",
      "people_in_frame": [
        {
          "name": "Person 1",
          "emotion_detected": {
            "angry": 37.499067187309265,
            "disgust": 2.284540833845699e-15,
            "fear": 0.0007487091806979151,
            "happy": 3.834406925307121e-06,
            "sad": 0.004928035195916891,
            "surprise": 3.5479053722697884e-09,
            "neutral": 62.49525547027588
          },
          "gaze_info": {
            "unnormalized_gaze_point": {
              "x": 141,
              "y": 245
            },
            "gaze_target": "other"
          }
        },
        {
          "name": "Person 2",
          "emotion_detected": {
            "angry": 4.1879009425163314e-07,
            "disgust": 2.5342363194582918e-21,
            "fear": 0.025540423006366074,
            "happy": 3.827994109110221e-14,
            "sad": 91.36757203147245,
            "surprise": 4.607254937911085e-14,
            "neutral": 8.606889611893273
          },
          "gaze_info": {
            "unnormalized_gaze_point": {
              "x": 129,
              "y": 249
            },
            "gaze_target": "other"
          }
        }
      ]
    },
    {
      "frame_identifier": "frame_001260.jpg",
      "people_in_frame": [
        {
          "name": "Person 1",
          "emotion_detected": {
            "angry": 7.803918421268463,
            "disgust": 1.6365523573900337e-14,
            "fear": 0.3203058848157525,
            "happy": 2.6517756879229637e-06,
            "sad": 0.1458865124732256,
            "surprise": 0.0003882091732521076,
            "neutral": 91.72950387001038
          },
          "gaze_info": {
            "gaze_target": "camera"
          }
        },
        {
          "name": "Person 2",
          "emotion_detected": {
            "angry": 0.00019044171040150104,
            "disgust": 1.5876100114950135e-18,
            "fear": 0.017926603322848678,
            "happy": 8.569478405964087e-12,
            "sad": 25.385475158691406,
            "surprise": 3.5683949691596092e-12,
            "neutral": 74.59641098976135
          },
          "gaze_info": {
            "unnormalized_gaze_point": {
              "x": 272,
              "y": 116
            },
            "gaze_target": "Person 1",
            "target_profile_id": 1
          }
        }
      ]
    },
    {
      "frame_identifier": "frame_001290.jpg",
      "people_in_frame": [
        {
          "name": "Person 1",
          "emotion_detected": {
            "angry": 3.1324509531259537,
            "disgust": 1.5108579601154907e-22,
            "fear": 0.00023519396563642658,
            "happy": 2.6333373415871053e-11,
            "sad": 0.013410678366199136,
            "surprise": 9.949741336349603e-14,
            "neutral": 96.85390591621399
          },
          "gaze_info": {
            "gaze_target": "camera"
          }
        },
        {
          "name": "Person 2",
          "emotion_detected": {
            "angry": 4.8675329426247475e-05,
            "disgust": 3.253079403388664e-23,
            "fear": 0.011533659522565277,
            "happy": 5.361088150448404e-16,
            "sad": 15.724081738238437,
            "surprise": 1.1361607234981972e-13,
            "neutral": 84.26433707859141
          },
          "gaze_info": {
            "unnormalized_gaze_point": {
              "x": 130,
              "y": 249
            },
            "gaze_target": "other"
          }
        }
      ]
    },
    {
      "frame_identifier": "frame_001320.jpg",
      "people_in_frame": [
        {
          "name": "Person 1",
          "emotion_detected": {
            "angry": 2.0102929323911667,
            "disgust": 4.555310775193373e-18,
            "fear": 0.14360500499606133,
            "happy": 2.040386193336019e-08,
            "sad": 0.9845098480582237,
            "surprise": 9.623572078121256e-09,
            "neutral": 96.86158895492554
          },
          "gaze_info": {
            "gaze_target": "camera"
          }
        },
        {
          "name": "Person 2",
          "emotion_detected": {
            "angry": 0.00022912105579569244,
            "disgust": 6.263336657447139e-22,
            "fear": 0.020932969138687498,
            "happy": 1.2672372998058948e-15,
            "sad": 60.796276378409644,
            "surprise": 3.674143270565461e-13,
            "neutral": 39.18256397143388
          },
          "gaze_info": {
            "unnormalized_gaze_point": {
              "x": 136,
              "y": 245
            },
            "gaze_target": "other"
          }
        }
      ]
    },
    {
      "frame_identifier": "frame_001350.jpg",
      "people_in_frame": [
        {
          "name": "Person 1",
          "emotion_detected": {
            "angry": 5.950514386787731e-09,
            "disgust": 3.582323077969914e-22,
            "fear": 0.00014650340744992718,
            "happy": 3.504855961011799e-07,
            "sad": 99.97327923774719,
            "surprise": 5.093809877609369e-18,
            "neutral": 0.026571459602564573
          },
          "gaze_info": {
            "gaze_target": "camera"
          }
        },
        {
          "name": "Person 2",
          "emotion_detected": {
            "angry": 0.00012709271762027888,
            "disgust": 8.722977721599468e-10,
            "fear": 0.5754726816250492,
            "happy": 0.01404099395603278,
            "sad": 7.6827314604956785,
            "surprise": 2.6519977484907254e-05,
            "neutral": 91.7276019887687
          },
          "gaze_info": {
            "unnormalized_gaze_point": {
              "x": 129,
              "y": 153
            },
            "gaze_target": "other"
          }
        }
      ]
    },
    {
      "frame_identifier": "frame_001380.jpg",
      "people_in_frame": [
        {
          "name": "Person 1",
          "emotion_detected": {
            "angry": 0.0001646664486543159,
            "disgust": 3.7039755707013455e-07,