{
  "session_summary": {
    "total_frames_processed": 10,
    "distinct_people_identified": {
      "1": {
        "assigned_name": "Person 1",
        "appeared_in_frame_indices": [
          0,
          1,
          2,
          3,
          4,
          5,
          6,
          7,
          8,
          9
        ]
      },
      "2": {
        "assigned_name": "Person 2",
        "appeared_in_frame_indices": [
          0,
          1,
          2,
          3,
          4,
          5,
          6,
          7,
          8,
          9
        ]
      }
    }
  },
  "frame_by_frame_analysis": [
    {
      "frame_identifier": "frame_015900.jpg",
      "people_in_frame": [
        {
          "name": "Person 1",
          "emotion_detected": {
            "angry": 0.24682432413101196,
            "disgust": 3.2117955213809e-11,
            "fear": 0.12647899566218257,
            "happy": 6.403063252946595e-05,
            "sad": 26.034504175186157,
            "surprise": 8.574788101789466e-08,
            "neutral": 73.5921323299408
          },
          "gaze_info": {
            "unnormalized_gaze_point": {
              "x": 309,
              "y": 249
            },
            "gaze_target": "other"
          }
        },
        {
          "name": "Person 2",
          "emotion_detected": {
            "angry": 4.251198843121529,
            "disgust": 1.191723941751377e-07,
            "fear": 0.13810268137603998,
            "happy": 2.899295248326439e-07,
            "sad": 94.93759274482727,
            "surprise": 7.116967459808166e-07,
            "neutral": 0.6731010973453522
          },
          "gaze_info": {
            "unnormalized_gaze_point": {
              "x": 297,
              "y": 137
            },
            "gaze_target": "Person 1",
            "target_profile_id": 1
          }
        }
      ]
    },
    {
      "frame_identifier": "frame_015930.jpg",
      "people_in_frame": [
        {
          "name": "Person 1",
          "emotion_detected": {
            "angry": 0.0006192336968524614,
            "disgust": 2.2087555036820848e-20,
            "fear": 5.0967798870260594e-05,
            "happy": 3.3131990206936024e-09,
            "sad": 0.07998301298357546,
            "surprise": 3.815938992741963e-11,
            "neutral": 99.91934895515442
          },
          "gaze_info": {
            "unnormalized_gaze_point": {
              "x": 296,
              "y": 245
            },
            "gaze_target": "other"
          }
        },
        {
          "name": "Person 2",
          "emotion_detected": {
            "angry": 0.001407930176355876,
            "disgust": 1.3329390542715647e-09,
            "fear": 0.0029301336326170713,
            "happy": 5.652538437317389e-07,
            "sad": 99.62003827095032,
            "surprise": 6.500722626867628e-07,
            "neutral": 0.3756208810955286
          },
          "gaze_info": {
            "unnormalized_gaze_point": {
              "x": 285,
              "y": 145
            },
            "gaze_target": "Person 1",
            "target_profile_id": 1
          }
        }
      ]
    },
    {
      "frame_identifier": "frame_015960.jpg",
      "people_in_frame": [
        {
          "name": "Person 1",
          "emotion_detected": {
            "angry": 1.470796950161457,
            "disgust": 4.173275765760598e-12,
            "fear": 3.3736173063516617,
            "happy": 0.0051408729632385075,
            "sad": 93.69126558303833,
            "surprise": 0.46496125869452953,
            "neutral": 0.9942162781953812
          },
          "gaze_info": {
            "unnormalized_gaze_point": {
              "x": 153,
              "y": 161
            },
            "gaze_target": "Person 2",
            "target_profile_id": 2
          }
        },
        {
          "name": "Person 2",
          "emotion_detected": {
            "angry": 0.04723279853351414,
            "disgust": 3.742692614161491e-09,
            "fear": 0.03394742670934647,
            "happy": 3.2390783388791533e-06,
            "sad": 99.89172220230103,
            "surprise": 3.763963307701346e-08,
            "neutral": 0.027095773839391768
          },
          "gaze_info": {
            "unnormalized_gaze_point": {
              "x": 277,
              "y": 157
            },
            "gaze_target": "Person 1",
            "target_profile_id": 1
          }
        }
      ]
    },
    {
      "frame_identifier": "frame_015990.jpg",
      "people_in_frame": [
        {
          "name": "Person 1",
          "emotion_detected": {
            "angry": 0.00020762920485140057,
            "disgust": 4.244138565493806e-21,
            "fear": 0.00016376773146475898,
            "happy": 4.213572511193274e-12,
            "sad": 6.419059634208679,
            "surprise": 1.580089401687955e-16,
            "neutral": 93.58056783676147
          },
          "gaze_info": {
            "unnormalized_gaze_point": {
              "x": 167,
              "y": 161
            },
            "gaze_target": "Person 2",
            "target_profile_id": 2
          }
        },
        {
          "name": "Person 2",
          "emotion_detected": {
            "angry": 0.018485639136133894,
            "disgust": 1.276498719712242e-10,
            "fear": 1.153869789377476,
            "happy": 9.889228013595627e-10,
            "sad": 98.2183577754071,
            "surprise": 1.8687545281714905e-06,
            "neutral": 0.6092825178167203
          },
          "gaze_info": {
            "unnormalized_gaze_point": {
              "x": 298,
              "y": 129
            },
            "gaze_target": "Person 1",
            "target_profile_id": 1
          }
        }
      ]
    },
    {
      "frame_identifier": "frame_016020.jpg",
      "people_in_frame": [
        {
          "name": "Person 1",
          "emotion_detected": {
            "angry": 1.6226586296852474e-06,
            "disgust": 1.2644808343829694e-31,
            "fear": 1.2046213271332817e-05,
            "happy": 5.698290902742035e-16,
            "sad": 1.1821554973721504,
            "surprise": 1.4577100343480354e-22,
            "neutral": 98.81783127784729
          },
          "gaze_info": {
            "unnormalized_gaze_point": {
              "x": 168,
              "y": 149
            },
            "gaze_target": "Person 2",
            "target_profile_id": 2
          }
        },
        {
          "name": "Person 2",
          "emotion_detected": {
            "angry": 1.79616644038754,
            "disgust": 1.1196411800146813e-07,
            "fear": 22.17122729673711,
            "happy": 5.949304952903306e-09,
            "sad": 75.93844842177015,
            "surprise": 6.249725464989767e-05,
            "neutral": 0.09409807929261974
          },
          "gaze_info": {
            "unnormalized_gaze_point": {
              "x": 288,
              "y": 129
            },
            "gaze_target": "Person 1",
            "target_profile_id": 1
          }
        }
      ]
    },
    {
      "frame_identifier": "frame_016050.jpg",
      "people_in_frame": [
        {
          "name": "Person 1",
          "emotion_detected": {
            "angry": 0.007606181316077709,
            "disgust": 8.992523584927615e-19,
            "fear": 6.370943310685107e-05,
            "happy": 6.468315466579e-09,
            "sad": 0.010180516255786642,
            "surprise": 7.575781365079526e-13,
            "neutral": 99.98214840888977
          },
          "gaze_info": {
            "unnormalized_gaze_point": {
              "x": 299,
              "y": 249
            },
            "gaze_target": "other"
          }
        },
        {
          "name": "Person 2",
          "emotion_detected": {
            "angry": 32.79166519641876,
            "disgust": 1.0288876123073484e-14,
            "fear": 23.46576303243637,