{
  "session_summary": {
    "total_frames_processed": 10,
    "distinct_people_identified": {
      "1": {
        "assigned_name": "Person 1",
        "appeared_in_frame_indices": [
          0,
          1,
          2,
          3,
          4,
          5,
          6,
          7,
          8,
          9
        ]
      },
      "2": {
        "assigned_name": "Person 2",
        "appeared_in_frame_indices": [
          0,
          1,
          2,
          3,
          4,
          5,
          6,
          7,
          8,
          9
        ]
      },
      "3": {
        "assigned_name": "Person 3",
        "appeared_in_frame_indices": [
          0,
          1,
          3,
          4
        ]
      },
      "4": {
        "assigned_name": "Person 4",
        "appeared_in_frame_indices": [
          7,
          8
        ]
      }
    }
  },
  "frame_by_frame_analysis": [
    {
      "frame_identifier": "frame_014400.jpg",
      "people_in_frame": [
        {
          "name": "Person 1",
          "emotion_detected": {
            "angry": 1.0794375570097048e-06,
            "disgust": 6.8431962300595745e-18,
            "fear": 0.0009842007139024246,
            "happy": 1.0821258069530758e-06,
            "sad": 99.99710321391859,
            "surprise": 1.2997258465952122e-09,
            "neutral": 0.001915609437749263
          },
          "gaze_info": {
            "gaze_target": "camera"
          }
        },
        {
          "name": "Person 2",
          "emotion_detected": {
            "angry": 97.16936929043348,
            "disgust": 8.330048953082534e-10,
            "fear": 1.3629081540052983,
            "happy": 0.4719317706335646,
            "sad": 0.0010548272886163987,
            "surprise": 0.9888262146011719,
            "neutral": 0.005904589840577682
          },
          "gaze_info": {
            "gaze_target": "camera"
          }
        },
        {
          "name": "Person 3",
          "emotion_detected": {
            "angry": 1.6429711133241653,
            "disgust": 9.715605528981541e-05,
            "fear": 77.4625301361084,
            "happy": 9.38742682337761,
            "sad": 11.506959795951843,
            "surprise": 8.617626751084018e-09,
            "neutral": 1.374833971112821e-05
          },
          "gaze_info": {
            "gaze_target": "camera"
          }
        }
      ]
    },
    {
      "frame_identifier": "frame_014430.jpg",
      "people_in_frame": [
        {
          "name": "Person 1",
          "emotion_detected": {
            "angry": 2.8353430805664577e-05,
            "disgust": 5.598255968099234e-18,
            "fear": 0.010989332731875866,
            "happy": 9.580682374509229e-08,
            "sad": 99.7409105146474,
            "surprise": 1.1667207609551354e-10,
            "neutral": 0.24807333562215184
          },
          "gaze_info": {
            "gaze_target": "camera"
          }
        },
        {
          "name": "Person 2",
          "emotion_detected": {
            "angry": 0.17616043332964182,
            "disgust": 4.659484886815335e-05,
            "fear": 56.43050670623779,
            "happy": 0.00029584671210614033,
            "sad": 41.43412411212921,
            "surprise": 0.0016411455362685956,
            "neutral": 1.9572200253605843
          },
          "gaze_info": {
            "gaze_target": "camera"
          }
        },
        {
          "name": "Person 3",
          "emotion_detected": {
            "angry": 4.5780364871938204e-05,
            "disgust": 1.215988699249984e-06,
            "fear": 93.86296199118638,
            "happy": 1.3173510959566945,
            "sad": 4.161186267278942,
            "surprise": 2.840673173370955e-05,
            "neutral": 0.6584211571867653
          },
          "gaze_info": {
            "gaze_target": "camera"
          }
        }
      ]
    },
    {
      "frame_identifier": "frame_014460.jpg",
      "people_in_frame": [
        {
          "name": "Person 1",
          "emotion_detected": {
            "angry": 5.429968335632284,
            "disgust": 6.817267714788691e-07,
            "fear": 8.45979872825161,
            "happy": 0.0016433252172701734,
            "sad": 0.8227517778871324,
            "surprise": 0.0019154278097094414,
            "neutral": 85.28391894293797
          },
          "gaze_info": {
            "unnormalized_gaze_point": {
              "x": 155,
              "y": 165
            },
            "gaze_target": "Person 2",
            "target_profile_id": 2
          }
        },
        {
          "name": "Person 2",
          "emotion_detected": {
            "angry": 1.7354071140289307,
            "disgust": 2.0688771876220535e-10,
            "fear": 0.008878618973540142,
            "happy": 3.1922703369602345e-08,
            "sad": 84.72813963890076,
            "surprise": 1.1994738535747729e-08,
            "neutral": 13.527573645114899
          },
          "gaze_info": {
            "unnormalized_gaze_point": {
              "x": 173,
              "y": 249
            },
            "gaze_target": "other"
          }
        }
      ]
    },
    {
      "frame_identifier": "frame_014490.jpg",
      "people_in_frame": [
        {
          "name": "Person 2",
          "emotion_detected": {
            "angry": 0.37171856853178553,
            "disgust": 7.736718933235174e-13,
            "fear": 1.1802043537917348,
            "happy": 2.0592333233640483e-08,
            "sad": 98.44806185055148,
            "surprise": 9.24363158518037e-10,
            "neutral": 1.8457027940348582e-05
          },
          "gaze_info": {
            "unnormalized_gaze_point": {
              "x": 192,
              "y": 245
            },
            "gaze_target": "other"
          }
        },
        {
          "name": "Person 1",
          "emotion_detected": {
            "angry": 9.721178457766655e-05,
            "disgust": 3.196293649540679e-14,
            "fear": 0.018614705186337233,
            "happy": 1.0334022526592435e-07,
            "sad": 96.51170372962952,
            "surprise": 5.9392865625618185e-09,
            "neutral": 3.469586744904518
          },
          "gaze_info": {
            "gaze_target": "camera"
          }
        },
        {
          "name": "Person 3",
          "emotion_detected": {
            "angry": 0.19344459265555056,
            "disgust": 0.0011145185872757613,
            "fear": 87.37198559903926,
            "happy": 8.562669433673554,
            "sad": 0.15758438517414156,
            "surprise": 3.6380332574884005,
            "neutral": 0.07516747305303491
          },
          "gaze_info": {
            "gaze_target": "camera"
          }
        }
      ]
    },
    {
      "frame_identifier": "frame_014520.jpg",
      "people_in_frame": [
        {
          "name": "Person 1",
          "emotion_detected": {
            "angry": 0.18340762613697337,
            "disgust": 2.362614888524914e-06,
            "fear": 0.02177622695466778,
            "happy": 2.3020729243059555e-06,
            "sad": 99.79320767006783,
            "surprise": 4.5915785695605005e-07,
            "neutral": 0.0015997318681183466
          },
          "gaze_info": {
            "unnormalized_gaze_point": {
              "x": 154,
              "y": 157
            },
            "gaze_target": "Person 2",
            "target_profile_id": 2
          }
        },
        {
          "name": "Person 2",
          "emotion_detected": {
            "angry": 5.084944446977642,
            "disgust": 1.435946700536263e-05,
            "fear": 47.30755074665253,
            "happy": 5.0587854789524185e-05,
            "sad": 47.591933464523166,
            "surprise": 0.00010976400034768952,
            "neutral": 0.015403220649628083
          },
          "gaze_info": {
            "unnormalized_gaze_point": {
              "x": 172,
              "y": 245
            },