{
  "session_summary": {
    "total_frames_processed": 10,
    "distinct_people_identified": {
      "1": {
        "assigned_name": "Person 1",
        "appeared_in_frame_indices": [
          0,
          1,
          2,
          3,
          4,
          5,
          6,
          7,
          8,
          9
        ]
      },
      "2": {
        "assigned_name": "Person 2",
        "appeared_in_frame_indices": [
          0,
          1,
          2,
          3,
          4,
          5,
          6,
          7,
          8,
          9
        ]
      }
    }
  },
  "frame_by_frame_analysis": [
    {
      "frame_identifier": "frame_017100.jpg",
      "people_in_frame": [
        {
          "name": "Person 1",
          "emotion_detected": {
            "angry": 0.006459848758234009,
            "disgust": 1.3884258273031867e-12,
            "fear": 8.474351225754692,
            "happy": 4.256698580873147e-08,
            "sad": 79.110829777171,
            "surprise": 8.545041675946796e-12,
            "neutral": 12.408358598253644
          },
          "gaze_info": {
            "unnormalized_gaze_point": {
              "x": 166,
              "y": 137
            },
            "gaze_target": "Person 2",
            "target_profile_id": 2
          }
        },
        {
          "name": "Person 2",
          "emotion_detected": {
            "angry": 9.36181657173436,
            "disgust": 8.073388816505741e-06,
            "fear": 0.0345688330244174,
            "happy": 0.0004486867430293671,
            "sad": 90.59164636234685,
            "surprise": 3.544002357653447e-06,
            "neutral": 0.011498343604115786
          },
          "gaze_info": {
            "unnormalized_gaze_point": {
              "x": 219,
              "y": 249
            },
            "gaze_target": "other"
          }
        }
      ]
    },
    {
      "frame_identifier": "frame_017130.jpg",
      "people_in_frame": [
        {
          "name": "Person 2",
          "emotion_detected": {
            "angry": 6.277070863092149e-07,
            "disgust": 1.3690192757464474e-16,
            "fear": 0.060694641433656216,
            "happy": 99.93914365768433,
            "sad": 0.0001593436877556087,
            "surprise": 6.779949865420853e-11,
            "neutral": 1.0364157448927713e-09
          },
          "gaze_info": {
            "unnormalized_gaze_point": {
              "x": 119,
              "y": 144
            },
            "gaze_target": "other"
          }
        },
        {
          "name": "Person 1",
          "emotion_detected": {
            "angry": 2.501737695042444e-11,
            "disgust": 4.205131206027094e-29,
            "fear": 6.897816984263727e-07,
            "happy": 2.2901173805126806e-18,
            "sad": 100.0,
            "surprise": 1.978313227080272e-33,
            "neutral": 1.5491282923107974e-06
          },
          "gaze_info": {
            "unnormalized_gaze_point": {
              "x": 119,
              "y": 144
            },
            "gaze_target": "Person 2",
            "target_profile_id": 2
          }
        }
      ]
    },
    {
      "frame_identifier": "frame_017160.jpg",
      "people_in_frame": [
        {
          "name": "Person 1",
          "emotion_detected": {
            "angry": 11.385588347911835,
            "disgust": 2.802054595296699e-09,
            "fear": 0.12778925010934472,
            "happy": 2.578480575721187e-05,
            "sad": 74.39106702804565,
            "surprise": 2.569339936663896e-12,
            "neutral": 14.095532894134521
          },
          "gaze_info": {
            "unnormalized_gaze_point": {
              "x": 112,
              "y": 169
            },
            "gaze_target": "Person 2",
            "target_profile_id": 2
          }
        },
        {
          "name": "Person 2",
          "emotion_detected": {
            "angry": 5.27070442846167e-08,
            "disgust": 2.1123123613601837e-30,
            "fear": 4.917252161007468e-08,
            "happy": 0.007942510274006054,
            "sad": 99.99204874038696,
            "surprise": 7.386710462389349e-16,
            "neutral": 1.1238466157692528e-05
          },
          "gaze_info": {
            "unnormalized_gaze_point": {
              "x": 118,
              "y": 173
            },
            "gaze_target": "other"
          }
        }
      ]
    },
    {
      "frame_identifier": "frame_017190.jpg",
      "people_in_frame": [
        {
          "name": "Person 1",
          "emotion_detected": {
            "angry": 0.0022308367988443933,
            "disgust": 2.600754611231858e-15,
            "fear": 0.0066520187829155475,
            "happy": 1.6039466629869104e-09,
            "sad": 99.66065883636475,
            "surprise": 2.387664108276417e-20,
            "neutral": 0.33045716118067503
          },
          "gaze_info": {
            "unnormalized_gaze_point": {
              "x": 125,
              "y": 169
            },
            "gaze_target": "Person 2",
            "target_profile_id": 2
          }
        },
        {
          "name": "Person 2",
          "emotion_detected": {
            "angry": 6.0782917898905e-05,
            "disgust": 2.0387803285342904e-18,
            "fear": 0.009316452633356676,
            "happy": 2.286826372710493e-06,
            "sad": 99.99061822891235,
            "surprise": 5.890552492517735e-16,
            "neutral": 1.777206853903479e-08
          },
          "gaze_info": {
            "unnormalized_gaze_point": {
              "x": 125,
              "y": 169
            },
            "gaze_target": "other"
          }
        }
      ]
    },
    {
      "frame_identifier": "frame_017220.jpg",
      "people_in_frame": [
        {
          "name": "Person 1",
          "emotion_detected": {
            "angry": 0.1947517623193562,
            "disgust": 2.2664070620237453e-07,
            "fear": 5.930038169026375,
            "happy": 0.00030381709166249493,
            "sad": 66.46303534507751,
            "surprise": 1.156258977452751e-07,
            "neutral": 27.411872148513794
          },
          "gaze_info": {
            "unnormalized_gaze_point": {
              "x": 130,
              "y": 133
            },
            "gaze_target": "Person 2",
            "target_profile_id": 2
          }
        },
        {
          "name": "Person 2",
          "emotion_detected": {
            "angry": 0.11762714711949229,
            "disgust": 2.963275309267495e-13,
            "fear": 81.54628276824951,
            "happy": 3.0449679121375084,
            "sad": 12.810538709163666,
            "surprise": 2.470250427722931,
            "neutral": 0.01033064691000618
          },
          "gaze_info": {
            "unnormalized_gaze_point": {
              "x": 184,
              "y": 161
            },
            "gaze_target": "Person 1",
            "target_profile_id": 1
          }
        }
      ]
    },
    {
      "frame_identifier": "frame_017250.jpg",
      "people_in_frame": [
        {
          "name": "Person 1",
          "emotion_detected": {
            "angry": 6.553449481725693,
            "disgust": 1.6837292671212367e-07,
            "fear": 0.4499293863773346,
            "happy": 0.0029474887924152426,
            "sad": 14.109659194946289,
            "surprise": 5.5682530586409484e-06,
            "neutral": 78.8840115070343
          },
          "gaze_info": {
            "unnormalized_gaze_point": {
              "x": 119,
              "y": 108
            },
            "gaze_target": "Person 2",
            "target_profile_id": 2
          }
        },
        {
          "name": "Person 2",
          "emotion_detected": {
            "angry": 0.034371670335531235,
            "disgust": 1.5108459188589718e-10,
            "fear": 57.05658197402954,
            "happy": 0.0014455936252488755,
            "sad": 42.86244213581085,