{
  "session_summary": {
    "total_frames_processed": 10,
    "distinct_people_identified": {
      "1": {
        "assigned_name": "Person 1",
        "appeared_in_frame_indices": [
          0,
          1,
          5,
          6,
          7,
          8,
          9
        ]
      },
      "2": {
        "assigned_name": "Person 2",
        "appeared_in_frame_indices": [
          0,
          1,
          2,
          3,
          4,
          5,
          6,
          7,
          8,
          9
        ]
      }
    }
  },
  "frame_by_frame_analysis": [
    {
      "frame_identifier": "frame_006000.jpg",
      "people_in_frame": [
        {
          "name": "Person 1",
          "emotion_detected": {
            "angry": 0.06747741717845201,
            "disgust": 1.0176169906728205e-07,
            "fear": 57.097119092941284,
            "happy": 2.246844665876324e-06,
            "sad": 2.0933184772729874,
            "surprise": 38.5724812746048,
            "neutral": 2.1695971488952637
          },
          "gaze_info": {
            "unnormalized_gaze_point": {
              "x": 279,
              "y": 120
            },
            "gaze_target": "Person 2",
            "target_profile_id": 2
          }
        },
        {
          "name": "Person 2",
          "emotion_detected": {
            "angry": 84.10711477910104,
            "disgust": 0.15543035008471012,
            "fear": 12.532494958341722,
            "happy": 0.2943240220905516,
            "sad": 0.9232709014986871,
            "surprise": 0.00014530796166054174,
            "neutral": 1.9872234627934142
          },
          "gaze_info": {
            "unnormalized_gaze_point": {
              "x": 290,
              "y": 249
            },
            "gaze_target": "other"
          }
        }
      ]
    },
    {
      "frame_identifier": "frame_006030.jpg",
      "people_in_frame": [
        {
          "name": "Person 1",
          "emotion_detected": {
            "angry": 1.9543569535017014,
            "disgust": 1.4821226656993453e-12,
            "fear": 5.51670640707016,
            "happy": 9.741422113407339e-08,
            "sad": 92.52777695655823,
            "surprise": 1.4237133694194881e-08,
            "neutral": 0.001161013642558828
          },
          "gaze_info": {
            "unnormalized_gaze_point": {
              "x": 182,
              "y": 253
            },
            "gaze_target": "other"
          }
        },
        {
          "name": "Person 2",
          "emotion_detected": {
            "angry": 89.2365038394928,
            "disgust": 0.003660798756754957,
            "fear": 5.2514005452394485,
            "happy": 0.03668429853860289,
            "sad": 2.143516018986702,
            "surprise": 3.0181404042650684e-06,
            "neutral": 3.3282317221164703
          },
          "gaze_info": {
            "unnormalized_gaze_point": {
              "x": 148,
              "y": 161
            },
            "gaze_target": "Person 1",
            "target_profile_id": 1
          }
        }
      ]
    },
    {
      "frame_identifier": "frame_006060.jpg",
      "people_in_frame": [
        {
          "name": "Person 2",
          "emotion_detected": {
            "angry": 87.23822388193322,
            "disgust": 0.024751588312719664,
            "fear": 6.9093286205138424,
            "happy": 0.06450348696071065,
            "sad": 2.42879734292062,
            "surprise": 1.556768821457078e-05,
            "neutral": 3.334377308562123
          },
          "gaze_info": {
            "unnormalized_gaze_point": {
              "x": 159,
              "y": 169
            },
            "gaze_target": "other"
          }
        }
      ]
    },
    {
      "frame_identifier": "frame_006090.jpg",
      "people_in_frame": [
        {
          "name": "Person 2",
          "emotion_detected": {
            "angry": 91.53290491903962,
            "disgust": 0.0002477774092070098,
            "fear": 1.331267626581475,
            "happy": 0.03487247616175846,
            "sad": 5.703898211848949,
            "surprise": 4.1987913692123175e-08,
            "neutral": 1.3967992935419924
          },
          "gaze_info": {
            "unnormalized_gaze_point": {
              "x": 159,
              "y": 161
            },
            "gaze_target": "other"
          }
        }
      ]
    },
    {
      "frame_identifier": "frame_006120.jpg",
      "people_in_frame": [
        {
          "name": "Person 2",
          "emotion_detected": {
            "angry": 89.63189844704885,
            "disgust": 2.3254251927499984e-05,
            "fear": 0.47988480755569846,
            "happy": 0.005213086221110973,
            "sad": 8.584221919271718,
            "surprise": 1.3243403058083497e-09,
            "neutral": 1.298751620352075
          },
          "gaze_info": {
            "unnormalized_gaze_point": {
              "x": 159,
              "y": 161
            },
            "gaze_target": "other"
          }
        }
      ]
    },
    {
      "frame_identifier": "frame_006150.jpg",
      "people_in_frame": [
        {
          "name": "Person 2",
          "emotion_detected": {
            "angry": 49.012198985350075,
            "disgust": 0.0010803897301270094,
            "fear": 7.066814277578251,
            "happy": 0.055802704134372126,
            "sad": 28.951718148691544,
            "surprise": 5.153933409718029e-06,
            "neutral": 14.912379676841478
          },
          "gaze_info": {
            "unnormalized_gaze_point": {
              "x": 159,
              "y": 153
            },
            "gaze_target": "Person 1",
            "target_profile_id": 1
          }
        },
        {
          "name": "Person 1",
          "emotion_detected": {
            "angry": 0.03148239338770509,
            "disgust": 3.316161093554898e-12,
            "fear": 0.010621413093758747,
            "happy": 1.8168440085730708e-07,
            "sad": 31.337907910346985,
            "surprise": 5.267831948430057e-07,
            "neutral": 68.61998438835144
          },
          "gaze_info": {
            "unnormalized_gaze_point": {
              "x": 279,
              "y": 120
            },
            "gaze_target": "Person 2",
            "target_profile_id": 2
          }
        }
      ]
    },
    {
      "frame_identifier": "frame_006180.jpg",
      "people_in_frame": [
        {
          "name": "Person 2",
          "emotion_detected": {
            "angry": 64.55731987953186,
            "disgust": 0.0017462860341765918,
            "fear": 19.0172016620636,
            "happy": 0.252779945731163,
            "sad": 3.5006139427423477,
            "surprise": 2.4064226522568788e-05,
            "neutral": 12.67031878232956
          },
          "gaze_info": {
            "unnormalized_gaze_point": {
              "x": 159,
              "y": 153
            },
            "gaze_target": "Person 1",
            "target_profile_id": 1
          }
        },
        {
          "name": "Person 1",
          "emotion_detected": {
            "angry": 0.01248033222509548,
            "disgust": 1.593506820636928e-12,
            "fear": 0.015106676437426358,
            "happy": 1.943183036701157e-06,
            "sad": 26.913747191429138,
            "surprise": 0.00015340019672294147,
            "neutral": 73.05850982666016
          },
          "gaze_info": {
            "unnormalized_gaze_point": {
              "x": 279,
              "y": 124
            },
            "gaze_target": "Person 2",
            "target_profile_id": 2
          }
        }
      ]
    },
    {
      "frame_identifier": "frame_006210.jpg",
      "people_in_frame": [
        {
          "name": "Person 1",
          "emotion_detected": {
            "angry": 0.003982013731729239,
            "disgust": 9.363574368995153e-11,
            "fear": 0.010052896686829627,