{
  "session_summary": {
    "total_frames_processed": 10,
    "distinct_people_identified": {
      "1": {
        "assigned_name": "Person 1",
        "appeared_in_frame_indices": [
          0,
          1,
          2,
          3,
          4,
          5,
          6,
          7,
          8,
          9
        ]
      },
      "2": {
        "assigned_name": "Person 2",
        "appeared_in_frame_indices": [
          0,
          1,
          2,
          3,
          4,
          5,
          6,
          7,
          8,
          9
        ]
      },
      "3": {
        "assigned_name": "Person 3",
        "appeared_in_frame_indices": [
          0,
          1,
          2,
          3
        ]
      },
      "4": {
        "assigned_name": "Person 4",
        "appeared_in_frame_indices": [
          4
        ]
      },
      "5": {
        "assigned_name": "Person 5",
        "appeared_in_frame_indices": [
          4,
          5
        ]
      }
    }
  },
  "frame_by_frame_analysis": [
    {
      "frame_identifier": "frame_019200.jpg",
      "people_in_frame": [
        {
          "name": "Person 1",
          "emotion_detected": {
            "angry": 3.945735127519612e-08,
            "disgust": 1.8627843347171988e-20,
            "fear": 80.71182370185852,
            "happy": 3.471725337766962e-09,
            "sad": 19.26407814025879,
            "surprise": 1.4181976261253106e-19,
            "neutral": 0.024102578754536808
          },
          "gaze_info": {
            "unnormalized_gaze_point": {
              "x": 278,
              "y": 249
            },
            "gaze_target": "other"
          }
        },
        {
          "name": "Person 2",
          "emotion_detected": {
            "angry": 13.340091010337533,
            "disgust": 2.966602563744966e-11,
            "fear": 85.85609709358793,
            "happy": 2.1516423259930948e-07,
            "sad": 0.005800478156870792,
            "surprise": 2.5565255260011845e-05,
            "neutral": 0.7979896395200277
          },
          "gaze_info": {
            "unnormalized_gaze_point": {
              "x": 234,
              "y": 116
            },
            "gaze_target": "Person 1",
            "target_profile_id": 1
          }
        },
        {
          "name": "Person 3",
          "emotion_detected": {
            "angry": 0.0008498805982526392,
            "disgust": 2.649613523037405e-15,
            "fear": 20.38670927286148,
            "happy": 0.002015493555518333,
            "sad": 69.04847621917725,
            "surprise": 0.014986612950451672,
            "neutral": 10.54697036743164
          },
          "gaze_info": {
            "unnormalized_gaze_point": {
              "x": 234,
              "y": 116
            },
            "gaze_target": "Person 1",
            "target_profile_id": 1
          }
        }
      ]
    },
    {
      "frame_identifier": "frame_019230.jpg",
      "people_in_frame": [
        {
          "name": "Person 2",
          "emotion_detected": {
            "angry": 50.21790862083435,
            "disgust": 1.4675655574678328e-12,
            "fear": 33.30916464328766,
            "happy": 7.622204256652054e-09,
            "sad": 0.2742730313912034,
            "surprise": 3.6569350214676888e-06,
            "neutral": 16.198645532131195
          },
          "gaze_info": {
            "unnormalized_gaze_point": {
              "x": 240,
              "y": 116
            },
            "gaze_target": "Person 1",
            "target_profile_id": 1
          }
        },
        {
          "name": "Person 1",
          "emotion_detected": {
            "angry": 9.364679729187325e-10,
            "disgust": 1.6017700000728914e-27,
            "fear": 89.70008431077505,
            "happy": 7.248727332897315e-11,
            "sad": 8.13322115738518,
            "surprise": 2.0224577279819858e-19,
            "neutral": 2.1666934142526038
          },
          "gaze_info": {
            "unnormalized_gaze_point": {
              "x": 109,
              "y": 124
            },
            "gaze_target": "Person 2",
            "target_profile_id": 2
          }
        },
        {
          "name": "Person 3",
          "emotion_detected": {
            "angry": 0.0019981169316451997,
            "disgust": 1.1099793041294739e-14,
            "fear": 12.432003021240234,
            "happy": 0.0024518731152056716,
            "sad": 72.34606742858887,
            "surprise": 0.012633208825718611,
            "neutral": 15.204846858978271
          },
          "gaze_info": {
            "unnormalized_gaze_point": {
              "x": 240,
              "y": 116
            },
            "gaze_target": "Person 1",
            "target_profile_id": 1
          }
        }
      ]
    },
    {
      "frame_identifier": "frame_019260.jpg",
      "people_in_frame": [
        {
          "name": "Person 1",
          "emotion_detected": {
            "angry": 8.416339999060829e-11,
            "disgust": 1.131792262657798e-30,
            "fear": 78.05863618850708,
            "happy": 2.49263029303203e-14,
            "sad": 21.745938062667847,
            "surprise": 4.1021472115926655e-23,
            "neutral": 0.195423886179924
          },
          "gaze_info": {
            "unnormalized_gaze_point": {
              "x": 257,
              "y": 249
            },
            "gaze_target": "other"
          }
        },
        {
          "name": "Person 2",
          "emotion_detected": {
            "angry": 0.14770051930099726,
            "disgust": 1.0362730944065281e-15,
            "fear": 90.5897855758667,
            "happy": 4.075839058620412e-11,
            "sad": 0.03139264590572566,
            "surprise": 7.83584710006835e-05,
            "neutral": 9.231048077344894
          },
          "gaze_info": {
            "unnormalized_gaze_point": {
              "x": 240,
              "y": 124
            },
            "gaze_target": "Person 1",
            "target_profile_id": 1
          }
        },
        {
          "name": "Person 3",
          "emotion_detected": {
            "angry": 0.0012100434826619764,
            "disgust": 6.7331347822219945e-15,
            "fear": 32.28797210979295,
            "happy": 0.004644232380418919,
            "sad": 60.07132888265424,
            "surprise": 0.04098366433564063,
            "neutral": 7.593866890303307
          },
          "gaze_info": {
            "unnormalized_gaze_point": {
              "x": 240,
              "y": 124
            },
            "gaze_target": "Person 1",
            "target_profile_id": 1
          }
        }
      ]
    },
    {
      "frame_identifier": "frame_019290.jpg",
      "people_in_frame": [
        {
          "name": "Person 1",
          "emotion_detected": {
            "angry": 3.073866756820548e-11,
            "disgust": 2.321747729288598e-32,
            "fear": 89.59967432020153,
            "happy": 7.405463915456585e-15,
            "sad": 10.188799213695479,
            "surprise": 6.062404306579983e-23,
            "neutral": 0.2115275138409444
          },
          "gaze_info": {
            "unnormalized_gaze_point": {
              "x": 257,
              "y": 249
            },
            "gaze_target": "other"
          }
        },
        {
          "name": "Person 2",
          "emotion_detected": {
            "angry": 3.165467455983162,
            "disgust": 5.656283259116566e-17,
            "fear": 7.0720769464969635,
            "happy": 2.97535000109983e-11,
            "sad": 0.09259081562049687,
            "surprise": 2.2436269730974345e-06,
            "neutral": 89.66985940933228
          },
          "gaze_info": {
            "unnormalized_gaze_point": {
              "x": 240,
              "y": 124
            },
            "gaze_target": "Person 1",