{
  "session_summary": {
    "total_frames_processed": 10,
    "distinct_people_identified": {
      "1": {
        "assigned_name": "Person 1",
        "appeared_in_frame_indices": [
          0,
          1,
          2,
          3,
          4,
          5,
          6,
          7,
          8,
          9
        ]
      }
    }
  },
  "frame_by_frame_analysis": [
    {
      "frame_identifier": "frame_002400.jpg",
      "people_in_frame": [
        {
          "name": "Person 1",
          "emotion_detected": {
            "angry": 0.3201666986569762,
            "disgust": 8.958612740528338e-08,
            "fear": 2.1333828568458557,
            "happy": 0.18041868461295962,
            "sad": 2.153848297894001,
            "surprise": 0.00011728831168511533,
            "neutral": 95.21207213401794
          },
          "gaze_info": {
            "gaze_target": "camera"
          }
        }
      ]
    },
    {
      "frame_identifier": "frame_002430.jpg",
      "people_in_frame": [
        {
          "name": "Person 1",
          "emotion_detected": {
            "angry": 32.79852168551216,
            "disgust": 0.0003548285787965558,
            "fear": 4.599071195666265,
            "happy": 0.0011958049784591596,
            "sad": 0.6891270578877364,
            "surprise": 0.00558511016245191,
            "neutral": 61.90614473260312
          },
          "gaze_info": {
            "gaze_target": "camera"
          }
        },
        {
          "name": "Person 1",
          "emotion_detected": {
            "angry": 9.489888874725239e-07,
            "disgust": 2.3893547421468652e-14,
            "fear": 0.005315538510330953,
            "happy": 6.64915069937706,
            "sad": 0.9574816562235355,
            "surprise": 0.0030700815841555595,
            "neutral": 92.38498210906982
          },
          "gaze_info": {
            "unnormalized_gaze_point": {
              "x": 257,
              "y": 92
            },
            "gaze_target": "other"
          }
        }
      ]
    },
    {
      "frame_identifier": "frame_002460.jpg",
      "people_in_frame": [
        {
          "name": "Person 1",
          "emotion_detected": {
            "angry": 0.43230392038822174,
            "disgust": 0.022029266983736306,
            "fear": 0.7429984398186207,
            "happy": 3.9370097219944,
            "sad": 0.224651163443923,
            "surprise": 0.0015847630493226461,
            "neutral": 94.63942646980286
          },
          "gaze_info": {
            "gaze_target": "camera"
          }
        },
        {
          "name": "Person 1",
          "emotion_detected": {
            "angry": 0.10075365462942774,
            "disgust": 1.714277362084993e-09,
            "fear": 0.0006512257963163097,
            "happy": 99.64582319805899,
            "sad": 1.279521352634604e-06,
            "surprise": 0.06632912763406368,
            "neutral": 0.18644325795093272
          },
          "gaze_info": {
            "gaze_target": "camera"
          }
        }
      ]
    },
    {
      "frame_identifier": "frame_002490.jpg",
      "people_in_frame": [
        {
          "name": "Person 1",
          "emotion_detected": {
            "angry": 6.790897995233536,
            "disgust": 7.520432193652837e-10,
            "fear": 35.266441106796265,
            "happy": 2.1386176521105e-11,
            "sad": 57.8751266002655,
            "surprise": 5.902675681568326e-06,
            "neutral": 0.06752933259122074
          },
          "gaze_info": {
            "unnormalized_gaze_point": {
              "x": 315,
              "y": 245
            },
            "gaze_target": "other"
          }
        },
        {
          "name": "Person 1",
          "emotion_detected": {
            "angry": 0.00025664780134290624,
            "disgust": 6.4914386332314924e-12,
            "fear": 95.16859025767984,
            "happy": 0.0022782850913333204,
            "sad": 2.7531668322185774,
            "surprise": 1.4239827088405317,
            "neutral": 0.6517214157713304
          },
          "gaze_info": {
            "unnormalized_gaze_point": {
              "x": 309,
              "y": 116
            },
            "gaze_target": "other"
          }
        }
      ]
    },
    {
      "frame_identifier": "frame_002520.jpg",
      "people_in_frame": [
        {
          "name": "Person 1",
          "emotion_detected": {
            "angry": 0.00037744400742667494,
            "disgust": 1.85835895283315e-10,
            "fear": 0.21585088688880205,
            "happy": 1.7630199522500334e-06,
            "sad": 34.019750356674194,
            "surprise": 6.892326354090983e-06,
            "neutral": 65.76400995254517
          },
          "gaze_info": {
            "unnormalized_gaze_point": {
              "x": 357,
              "y": 237
            },
            "gaze_target": "other"
          }
        },
        {
          "name": "Person 1",
          "emotion_detected": {
            "angry": 0.12947081122547388,
            "disgust": 3.337652595827785e-14,
            "fear": 0.23707256186753511,
            "happy": 1.5603310310474683e-09,
            "sad": 99.6275544166565,
            "surprise": 7.546196875924185e-12,
            "neutral": 0.005904093268327415
          },
          "gaze_info": {
            "unnormalized_gaze_point": {
              "x": 328,
              "y": 129
            },
            "gaze_target": "other"
          }
        }
      ]
    },
    {
      "frame_identifier": "frame_002550.jpg",
      "people_in_frame": [
        {
          "name": "Person 1",
          "emotion_detected": {
            "angry": 0.002574243865263914,
            "disgust": 4.026653476000564e-11,
            "fear": 0.0046109284045418395,
            "happy": 1.4401332852541258e-07,
            "sad": 99.9204814528845,
            "surprise": 1.1018232234290351e-08,
            "neutral": 0.07233067019067166
          },
          "gaze_info": {
            "unnormalized_gaze_point": {
              "x": 302,
              "y": 129
            },
            "gaze_target": "other"
          }
        },
        {
          "name": "Person 1",
          "emotion_detected": {
            "angry": 2.138151355871639,
            "disgust": 2.59683761339353e-10,
            "fear": 0.6806338611622966,
            "happy": 0.00010373339073182387,
            "sad": 0.9216988077282194,
            "surprise": 8.67510914852751e-06,
            "neutral": 96.25940300580281
          },
          "gaze_info": {
            "unnormalized_gaze_point": {
              "x": 142,
              "y": 145
            },
            "gaze_target": "other"
          }
        }
      ]
    },
    {
      "frame_identifier": "frame_002580.jpg",
      "people_in_frame": [
        {
          "name": "Person 1",
          "emotion_detected": {
            "angry": 0.0024686596589162946,
            "disgust": 3.1218739615992974e-11,
            "fear": 1.8660493195056915,
            "happy": 9.589630280970596e-05,
            "sad": 97.98570275306702,
            "surprise": 0.009993429557653144,
            "neutral": 0.13568769209086895
          },
          "gaze_info": {
            "unnormalized_gaze_point": {
              "x": 303,
              "y": 137
            },
            "gaze_target": "other"
          }
        },
        {
          "name": "Person 1",
          "emotion_detected": {
            "angry": 0.180562655441463,
            "disgust": 1.4432035346520836e-12,
            "fear": 7.9032473266124725,
            "happy": 3.017028049612236e-06,
            "sad": 87.15716600418091,
            "surprise": 1.9079352084772766e-11,
            "neutral": 4.75902333855629
          },
          "gaze_info": {
            "unnormalized_gaze_point": {
              "x": 315,
              "y": 137
            },