{
  "session_summary": {
    "total_frames_processed": 10,
    "distinct_people_identified": {
      "1": {
        "assigned_name": "Person 1",
        "appeared_in_frame_indices": [
          0,
          1,
          2,
          3,
          4,
          5,
          6,
          7,
          8,
          9
        ]
      },
      "2": {
        "assigned_name": "Person 2",
        "appeared_in_frame_indices": [
          0,
          4,
          7,
          9
        ]
      },
      "3": {
        "assigned_name": "Person 3",
        "appeared_in_frame_indices": [
          9
        ]
      }
    }
  },
  "frame_by_frame_analysis": [
    {
      "frame_identifier": "frame_008700.jpg",
      "people_in_frame": [
        {
          "name": "Person 1",
          "emotion_detected": {
            "angry": 2.7081580584143436,
            "disgust": 7.710035438427711e-24,
            "fear": 91.88655566493009,
            "happy": 1.3233470664249566e-07,
            "sad": 5.449218290545986e-07,
            "surprise": 1.2247195057198069e-12,
            "neutral": 5.405290001946092
          },
          "gaze_info": {
            "unnormalized_gaze_point": {
              "x": 107,
              "y": 133
            },
            "gaze_target": "other"
          }
        },
        {
          "name": "Person 1",
          "emotion_detected": {
            "angry": 62.78091447239604,
            "disgust": 0.00040253473924214327,
            "fear": 2.4017052293840186,
            "happy": 0.009533623074089994,
            "sad": 31.26097805863488,
            "surprise": 0.09183990152343521,
            "neutral": 3.454633635558703
          },
          "gaze_info": {
            "unnormalized_gaze_point": {
              "x": 241,
              "y": 249
            },
            "gaze_target": "other"
          }
        },
        {
          "name": "Person 2",
          "emotion_detected": {
            "angry": 0.0002793449766613776,
            "disgust": 5.481600728884928e-08,
            "fear": 0.0024813054551486857,
            "happy": 0.3031803062185645,
            "sad": 99.65988993644714,
            "surprise": 4.032461864422743e-08,
            "neutral": 0.034169285208918154
          },
          "gaze_info": {
            "unnormalized_gaze_point": {
              "x": 107,
              "y": 133
            },
            "gaze_target": "Person 1",
            "target_profile_id": 1
          }
        }
      ]
    },
    {
      "frame_identifier": "frame_008730.jpg",
      "people_in_frame": [
        {
          "name": "Person 1",
          "emotion_detected": {
            "angry": 3.8058253410950504,
            "disgust": 9.475190499466205e-19,
            "fear": 76.06639719405158,
            "happy": 2.4999011019182433e-07,
            "sad": 0.0015599290256718711,
            "surprise": 4.3720355464814354e-10,
            "neutral": 20.126218803299594
          },
          "gaze_info": {
            "gaze_target": "camera"
          }
        },
        {
          "name": "Person 1",
          "emotion_detected": {
            "angry": 0.13795344857499003,
            "disgust": 3.2830495655389313e-06,
            "fear": 0.006546922668348998,
            "happy": 4.9337813834426925e-05,
            "sad": 99.83828067779541,
            "surprise": 4.2532826149965786e-07,
            "neutral": 0.01716770784696564
          },
          "gaze_info": {
            "unnormalized_gaze_point": {
              "x": 257,
              "y": 249
            },
            "gaze_target": "other"
          }
        }
      ]
    },
    {
      "frame_identifier": "frame_008760.jpg",
      "people_in_frame": [
        {
          "name": "Person 1",
          "emotion_detected": {
            "angry": 0.001000471064677419,
            "disgust": 5.851809168487041e-28,
            "fear": 90.8654462259476,
            "happy": 9.460175654822793e-11,
            "sad": 0.0009260012835758605,
            "surprise": 4.263554721000218e-15,
            "neutral": 9.132631524487552
          },
          "gaze_info": {
            "unnormalized_gaze_point": {
              "x": 107,
              "y": 133
            },
            "gaze_target": "other"
          }
        },
        {
          "name": "Person 1",
          "emotion_detected": {
            "angry": 99.47682625331565,
            "disgust": 3.0953621580389134e-14,
            "fear": 0.5177859065340868,
            "happy": 3.99391911238585e-13,
            "sad": 0.004444361745726035,
            "surprise": 4.731176663767848e-06,
            "neutral": 0.0009413825651891824
          },
          "gaze_info": {
            "unnormalized_gaze_point": {
              "x": 235,
              "y": 124
            },
            "gaze_target": "other"
          }
        }
      ]
    },
    {
      "frame_identifier": "frame_008790.jpg",
      "people_in_frame": [
        {
          "name": "Person 1",
          "emotion_detected": {
            "angry": 2.4732733443880682e-05,
            "disgust": 7.393626425148948e-31,
            "fear": 95.29098328459462,
            "happy": 1.3517352501540083e-14,
            "sad": 0.8139356000500202,
            "surprise": 4.497326687587876e-16,
            "neutral": 3.8950528031524656
          },
          "gaze_info": {
            "unnormalized_gaze_point": {
              "x": 107,
              "y": 133
            },
            "gaze_target": "other"
          }
        }
      ]
    },
    {
      "frame_identifier": "frame_008820.jpg",
      "people_in_frame": [
        {
          "name": "Person 1",
          "emotion_detected": {
            "angry": 0.0008296882697322872,
            "disgust": 8.067197677150885e-29,
            "fear": 89.88973498344421,
            "happy": 1.7477116759020972e-10,
            "sad": 3.1292492508327996e-05,
            "surprise": 1.1407944289250344e-14,
            "neutral": 10.109412670135498
          },
          "gaze_info": {
            "unnormalized_gaze_point": {
              "x": 107,
              "y": 133
            },
            "gaze_target": "other"
          }
        },
        {
          "name": "Person 1",
          "emotion_detected": {
            "angry": 99.63797935534016,
            "disgust": 1.4823403856276964e-06,
            "fear": 0.07414527332299392,
            "happy": 3.9615064442976786e-05,
            "sad": 0.1981800415235659,
            "surprise": 0.005716175020587812,
            "neutral": 0.0839341930233376
          },
          "gaze_info": {
            "unnormalized_gaze_point": {
              "x": 230,
              "y": 249
            },
            "gaze_target": "other"
          }
        },
        {
          "name": "Person 2",
          "emotion_detected": {
            "angry": 0.00030688938750245143,
            "disgust": 3.271111381764058e-07,
            "fear": 0.016977549239527434,
            "happy": 0.4088264424353838,
            "sad": 99.49919581413269,
            "surprise": 7.167896831639098e-08,
            "neutral": 0.0746949517633766
          },
          "gaze_info": {
            "unnormalized_gaze_point": {
              "x": 112,
              "y": 133
            },
            "gaze_target": "Person 1",
            "target_profile_id": 1
          }
        }
      ]
    },
    {
      "frame_identifier": "frame_008850.jpg",
      "people_in_frame": [
        {
          "name": "Person 1",
          "emotion_detected": {
            "angry": 0.0002588979214124265,
            "disgust": 1.2394334558569458e-30,
            "fear": 70.61331868171692,
            "happy": 4.401657797081603e-14,
            "sad": 3.4476809203624725,
            "surprise": 3.739484198824613e-16,
            "neutral": 25.938743352890015
          },
          "gaze_info": {
            "unnormalized_gaze_point": {
              "x": 107,
              "y": 133
            },