{
  "session_summary": {
    "total_frames_processed": 10,
    "distinct_people_identified": {
      "1": {
        "assigned_name": "Person 1",
        "appeared_in_frame_indices": [
          0,
          1,
          2,
          3,
          4,
          5,
          6,
          7,
          8,
          9
        ]
      },
      "2": {
        "assigned_name": "Person 2",
        "appeared_in_frame_indices": [
          0,
          1,
          2,
          3,
          4,
          5,
          6,
          7,
          8,
          9
        ]
      }
    }
  },
  "frame_by_frame_analysis": [
    {
      "frame_identifier": "frame_004200.jpg",
      "people_in_frame": [
        {
          "name": "Person 1",
          "emotion_detected": {
            "angry": 3.657354786992073,
            "disgust": 6.980001993062146e-09,
            "fear": 90.92284440994263,
            "happy": 1.4345158660944435e-05,
            "sad": 3.182482346892357,
            "surprise": 1.9317780708405508e-08,
            "neutral": 2.2373108193278313
          },
          "gaze_info": {
            "unnormalized_gaze_point": {
              "x": 143,
              "y": 177
            },
            "gaze_target": "Person 2",
            "target_profile_id": 2
          }
        },
        {
          "name": "Person 2",
          "emotion_detected": {
            "angry": 38.561834268351284,
            "disgust": 5.83297951460681e-08,
            "fear": 15.254769890931858,
            "happy": 37.88332785566713,
            "sad": 8.30006276964393,
            "surprise": 1.1895731591666288e-08,
            "neutral": 5.329317240586516e-07
          },
          "gaze_info": {
            "unnormalized_gaze_point": {
              "x": 149,
              "y": 177
            },
            "gaze_target": "other"
          }
        }
      ]
    },
    {
      "frame_identifier": "frame_004230.jpg",
      "people_in_frame": [
        {
          "name": "Person 2",
          "emotion_detected": {
            "angry": 7.916297763586044,
            "disgust": 1.1209593366381942e-12,
            "fear": 1.950710266828537,
            "happy": 7.302550786292272e-08,
            "sad": 78.51058840751648,
            "surprise": 5.419791837546484e-08,
            "neutral": 11.62240207195282
          },
          "gaze_info": {
            "unnormalized_gaze_point": {
              "x": 165,
              "y": 197
            },
            "gaze_target": "other"
          }
        },
        {
          "name": "Person 1",
          "emotion_detected": {
            "angry": 22.957131510122835,
            "disgust": 6.5070209901584755e-06,
            "fear": 31.758864908353697,
            "happy": 0.00011902334053899968,
            "sad": 35.04095851886767,
            "surprise": 9.786078557758388e-08,
            "neutral": 10.242914677510896
          },
          "gaze_info": {
            "unnormalized_gaze_point": {
              "x": 148,
              "y": 157
            },
            "gaze_target": "Person 2",
            "target_profile_id": 2
          }
        }
      ]
    },
    {
      "frame_identifier": "frame_004260.jpg",
      "people_in_frame": [
        {
          "name": "Person 2",
          "emotion_detected": {
            "angry": 2.5646012276411057,
            "disgust": 9.931334251614583e-15,
            "fear": 0.6536138243973255,
            "happy": 2.570914869881591e-08,
            "sad": 96.78177833557129,
            "surprise": 1.542132324210176e-13,
            "neutral": 8.00392854216625e-06
          },
          "gaze_info": {
            "unnormalized_gaze_point": {
              "x": 165,
              "y": 185
            },
            "gaze_target": "other"
          }
        },
        {
          "name": "Person 1",
          "emotion_detected": {
            "angry": 21.67892386223701,
            "disgust": 4.538698645053394e-06,
            "fear": 30.093626953690777,
            "happy": 0.00012157562935470034,
            "sad": 37.11378583579401,
            "surprise": 1.290251153608007e-07,
            "neutral": 11.113529982917314
          },
          "gaze_info": {
            "unnormalized_gaze_point": {
              "x": 148,
              "y": 165
            },
            "gaze_target": "Person 2",
            "target_profile_id": 2
          }
        }
      ]
    },
    {
      "frame_identifier": "frame_004290.jpg",
      "people_in_frame": [
        {
          "name": "Person 2",
          "emotion_detected": {
            "angry": 3.513957024452509,
            "disgust": 2.87382890721011e-14,
            "fear": 0.4506131902702564,
            "happy": 1.1539914157082025e-07,
            "sad": 96.03533125134297,
            "surprise": 4.3568623530135425e-11,
            "neutral": 0.00010166253938455719
          },
          "gaze_info": {
            "unnormalized_gaze_point": {
              "x": 154,
              "y": 185
            },
            "gaze_target": "other"
          }
        },
        {
          "name": "Person 1",
          "emotion_detected": {
            "angry": 5.00158831458231,
            "disgust": 1.2687471781728344e-08,
            "fear": 85.80200245356531,
            "happy": 5.00929549188788e-06,
            "sad": 7.338271160331826,
            "surprise": 1.924781215887562e-08,
            "neutral": 1.8581289445604152
          },
          "gaze_info": {
            "unnormalized_gaze_point": {
              "x": 149,
              "y": 165
            },
            "gaze_target": "Person 2",
            "target_profile_id": 2
          }
        }
      ]
    },
    {
      "frame_identifier": "frame_004320.jpg",
      "people_in_frame": [
        {
          "name": "Person 2",
          "emotion_detected": {
            "angry": 2.0113329670627693,
            "disgust": 2.9510231535801483e-13,
            "fear": 0.09730298768486009,
            "happy": 4.230126279373331e-07,
            "sad": 97.89114581889783,
            "surprise": 2.779910256879898e-11,
            "neutral": 0.00021833767669611733
          },
          "gaze_info": {
            "unnormalized_gaze_point": {
              "x": 160,
              "y": 185
            },
            "gaze_target": "other"
          }
        },
        {
          "name": "Person 1",
          "emotion_detected": {
            "angry": 5.27063284568395,
            "disgust": 1.9905626421650876e-10,
            "fear": 79.95220065686695,
            "happy": 1.521911637365461e-07,
            "sad": 12.226825240036817,
            "surprise": 4.404891290780587e-10,
            "neutral": 2.550337904651415
          },
          "gaze_info": {
            "unnormalized_gaze_point": {
              "x": 148,
              "y": 161
            },
            "gaze_target": "Person 2",
            "target_profile_id": 2
          }
        }
      ]
    },
    {
      "frame_identifier": "frame_004350.jpg",
      "people_in_frame": [
        {
          "name": "Person 2",
          "emotion_detected": {
            "angry": 1.7295023426413536,
            "disgust": 3.74635896306999e-12,
            "fear": 0.3315095789730549,
            "happy": 9.064608619269166e-07,
            "sad": 97.93893694877625,
            "surprise": 3.670342025099971e-11,
            "neutral": 4.6723801006010035e-05
          },
          "gaze_info": {
            "unnormalized_gaze_point": {
              "x": 160,
              "y": 185
            },
            "gaze_target": "other"
          }
        },
        {
          "name": "Person 1",
          "emotion_detected": {
            "angry": 7.012895494699478,
            "disgust": 1.1716553283136477e-07,
            "fear": 84.41328406333923,
            "happy": 6.740186222486955e-05,
            "sad": 5.567062273621559,
            "surprise": 1.5263147412625244e-07,
            "neutral": 3.0066929757595062
          },