{
  "session_summary": {
    "total_frames_processed": 10,
    "distinct_people_identified": {
      "1": {
        "assigned_name": "Person 1",
        "appeared_in_frame_indices": [
          0,
          1,
          2,
          3,
          4,
          5,
          6,
          7,
          8,
          9
        ]
      },
      "2": {
        "assigned_name": "Person 2",
        "appeared_in_frame_indices": [
          0,
          1,
          2,
          3,
          4,
          5,
          6,
          7,
          8,
          9
        ]
      },
      "3": {
        "assigned_name": "Person 3",
        "appeared_in_frame_indices": [
          0,
          1,
          3,
          4,
          6,
          7,
          9
        ]
      },
      "4": {
        "assigned_name": "Person 4",
        "appeared_in_frame_indices": [
          1
        ]
      },
      "5": {
        "assigned_name": "Person 5",
        "appeared_in_frame_indices": [
          4
        ]
      }
    }
  },
  "frame_by_frame_analysis": [
    {
      "frame_identifier": "frame_018900.jpg",
      "people_in_frame": [
        {
          "name": "Person 1",
          "emotion_detected": {
            "angry": 5.8638314715665e-10,
            "disgust": 2.7823586480328723e-21,
            "fear": 2.6079082553332005,
            "happy": 3.763712222646111e-10,
            "sad": 97.14087826853265,
            "surprise": 2.6696826721071403e-20,
            "neutral": 0.25121766708598536
          },
          "gaze_info": {
            "unnormalized_gaze_point": {
              "x": 290,
              "y": 245
            },
            "gaze_target": "other"
          }
        },
        {
          "name": "Person 2",
          "emotion_detected": {
            "angry": 97.55132227524254,
            "disgust": 2.863834827613406e-07,
            "fear": 2.438866615132497,
            "happy": 3.5804272608458978e-06,
            "sad": 0.008255813479894656,
            "surprise": 1.1696887618546654e-07,
            "neutral": 0.0015500323541656684
          },
          "gaze_info": {
            "unnormalized_gaze_point": {
              "x": 230,
              "y": 116
            },
            "gaze_target": "Person 1",
            "target_profile_id": 1
          }
        },
        {
          "name": "Person 3",
          "emotion_detected": {
            "angry": 0.0013931983630754985,
            "disgust": 6.148689588224301e-15,
            "fear": 9.693776071071625,
            "happy": 0.008882940164767206,
            "sad": 43.144941329956055,
            "surprise": 0.03592396969906986,
            "neutral": 47.11507856845856
          },
          "gaze_info": {
            "unnormalized_gaze_point": {
              "x": 230,
              "y": 116
            },
            "gaze_target": "Person 1",
            "target_profile_id": 1
          }
        }
      ]
    },
    {
      "frame_identifier": "frame_018930.jpg",
      "people_in_frame": [
        {
          "name": "Person 1",
          "emotion_detected": {
            "angry": 1.8322401729164994e-05,
            "disgust": 3.210381221932366e-16,
            "fear": 13.4479820728302,
            "happy": 0.0002544775725255022,
            "sad": 64.09869194030762,
            "surprise": 2.83917900032455e-15,
            "neutral": 22.453051805496216
          },
          "gaze_info": {
            "unnormalized_gaze_point": {
              "x": 267,
              "y": 245
            },
            "gaze_target": "other"
          }
        },
        {
          "name": "Person 2",
          "emotion_detected": {
            "angry": 95.08435726165771,
            "disgust": 7.709957313155238e-13,
            "fear": 2.288893423974514,
            "happy": 3.100877540851421e-09,
            "sad": 0.016678404062986374,
            "surprise": 4.6658179542191647e-07,
            "neutral": 2.6100680232048035
          },
          "gaze_info": {
            "unnormalized_gaze_point": {
              "x": 235,
              "y": 116
            },
            "gaze_target": "Person 1",
            "target_profile_id": 1
          }
        },
        {
          "name": "Person 4",
          "emotion_detected": {
            "angry": 0.026152495411224663,
            "disgust": 0.004638262544176541,
            "fear": 58.60295295715332,
            "happy": 39.00856375694275,
            "sad": 2.3541752249002457,
            "surprise": 0.00013540667396227946,
            "neutral": 0.0033844116842374206
          },
          "gaze_info": {
            "unnormalized_gaze_point": {
              "x": 235,
              "y": 116
            },
            "gaze_target": "Person 1",
            "target_profile_id": 1
          }
        },
        {
          "name": "Person 3",
          "emotion_detected": {
            "angry": 0.0002233898158010561,
            "disgust": 2.5240196300652124e-17,
            "fear": 6.170303001999855,
            "happy": 0.002810369733197149,
            "sad": 33.48414897918701,
            "surprise": 0.0013964021491119638,
            "neutral": 60.34111976623535
          },
          "gaze_info": {
            "unnormalized_gaze_point": {
              "x": 235,
              "y": 116
            },
            "gaze_target": "Person 1",
            "target_profile_id": 1
          }
        }
      ]
    },
    {
      "frame_identifier": "frame_018960.jpg",
      "people_in_frame": [
        {
          "name": "Person 1",
          "emotion_detected": {
            "angry": 0.05187499336898327,
            "disgust": 5.787812069890652e-10,
            "fear": 32.69859254360199,
            "happy": 1.038966327905655,
            "sad": 1.277178805321455,
            "surprise": 2.082757057098039e-09,
            "neutral": 64.93338942527771
          },
          "gaze_info": {
            "unnormalized_gaze_point": {
              "x": 279,
              "y": 249
            },
            "gaze_target": "other"
          }
        },
        {
          "name": "Person 2",
          "emotion_detected": {
            "angry": 17.15020890834438,
            "disgust": 2.570474039039827e-13,
            "fear": 67.23925080767283,
            "happy": 6.21739608973362e-09,
            "sad": 0.5305312740691035,
            "surprise": 5.887644496583871e-06,
            "neutral": 15.080008218289402
          },
          "gaze_info": {
            "unnormalized_gaze_point": {
              "x": 235,
              "y": 116
            },
            "gaze_target": "Person 1",
            "target_profile_id": 1
          }
        }
      ]
    },
    {
      "frame_identifier": "frame_018990.jpg",
      "people_in_frame": [
        {
          "name": "Person 2",
          "emotion_detected": {
            "angry": 27.473706007003784,
            "disgust": 2.4084513646405094e-13,
            "fear": 58.07291269302368,
            "happy": 6.274143010687183e-09,
            "sad": 0.3431010292842984,
            "surprise": 4.385380947269368e-06,
            "neutral": 14.110274612903595
          },
          "gaze_info": {
            "unnormalized_gaze_point": {
              "x": 229,
              "y": 116
            },
            "gaze_target": "Person 1",
            "target_profile_id": 1
          }
        },
        {
          "name": "Person 1",
          "emotion_detected": {
            "angry": 1.8484761066013385e-09,
            "disgust": 2.0729423097982036e-23,
            "fear": 83.97080111155523,
            "happy": 1.595478800534824e-08,
            "sad": 16.023372533723418,
            "surprise": 4.862960261889126e-19,
            "neutral": 0.005831966668126857
          },
          "gaze_info": {
            "unnormalized_gaze_point": {
              "x": 311,
              "y": 249
            },
            "gaze_target": "other"
          }
        },
        {
          "name": "Person 3",