{
  "session_summary": {
    "total_frames_processed": 10,
    "distinct_people_identified": {
      "1": {
        "assigned_name": "Person 1",
        "appeared_in_frame_indices": [
          0,
          1,
          2,
          3,
          4,
          5,
          6,
          7,
          8
        ]
      },
      "2": {
        "assigned_name": "Person 2",
        "appeared_in_frame_indices": [
          0,
          1,
          2,
          3,
          4,
          5,
          7,
          8
        ]
      },
      "3": {
        "assigned_name": "Person 3",
        "appeared_in_frame_indices": [
          3,
          5,
          6
        ]
      }
    }
  },
  "frame_by_frame_analysis": [
    {
      "frame_identifier": "frame_022200.jpg",
      "people_in_frame": [
        {
          "name": "Person 1",
          "emotion_detected": {
            "angry": 0.05452392249324456,
            "disgust": 0.005021802943800938,
            "fear": 77.56824955750999,
            "happy": 0.08150195839453986,
            "sad": 22.091443663325528,
            "surprise": 7.096080448762886e-05,
            "neutral": 0.1991885367297254
          },
          "gaze_info": {
            "unnormalized_gaze_point": {
              "x": 25,
              "y": 98
            },
            "gaze_target": "other"
          }
        },
        {
          "name": "Person 2",
          "emotion_detected": {
            "angry": 1.3480355713798003e-13,
            "disgust": 0.0,
            "fear": 34.879106283187866,
            "happy": 3.6413496267575126e-20,
            "sad": 65.1208758354187,
            "surprise": 7.255643077660978e-30,
            "neutral": 1.821608179852774e-05
          },
          "gaze_info": {
            "unnormalized_gaze_point": {
              "x": 15,
              "y": 111
            },
            "gaze_target": "Person 1",
            "target_profile_id": 1
          }
        }
      ]
    },
    {
      "frame_identifier": "frame_022230.jpg",
      "people_in_frame": [
        {
          "name": "Person 2",
          "emotion_detected": {
            "angry": 1.347982703236994e-05,
            "disgust": 9.029030750223531e-25,
            "fear": 99.75883960723877,
            "happy": 1.601848764742897e-07,
            "sad": 3.678899407333347e-07,
            "surprise": 1.3839358548040082e-07,
            "neutral": 0.24114588741213083
          },
          "gaze_info": {
            "unnormalized_gaze_point": {
              "x": 15,
              "y": 117
            },
            "gaze_target": "other"
          }
        },
        {
          "name": "Person 1",
          "emotion_detected": {
            "angry": 0.013599528756458312,
            "disgust": 8.410676599623912e-06,
            "fear": 4.629215970635414,
            "happy": 0.0015312241885112599,
            "sad": 93.16748976707458,
            "surprise": 4.181543431514001e-05,
            "neutral": 2.188115380704403
          },
          "gaze_info": {
            "unnormalized_gaze_point": {
              "x": 15,
              "y": 117
            },
            "gaze_target": "other"
          }
        }
      ]
    },
    {
      "frame_identifier": "frame_022260.jpg",
      "people_in_frame": [
        {
          "name": "Person 2",
          "emotion_detected": {
            "angry": 3.2505427843967226e-05,
            "disgust": 1.7509192539597324e-24,
            "fear": 99.46169850001922,
            "happy": 2.0367923673763694e-06,
            "sad": 1.9656568656438715e-07,
            "surprise": 4.525388944637242e-08,
            "neutral": 0.538272023619534
          },
          "gaze_info": {
            "unnormalized_gaze_point": {
              "x": 17,
              "y": 121
            },
            "gaze_target": "other"
          }
        },
        {
          "name": "Person 1",
          "emotion_detected": {
            "angry": 0.10721157943973418,
            "disgust": 0.0003367513928145302,
            "fear": 7.2834294905322485,
            "happy": 1.5242510452420142,
            "sad": 48.71518306226629,
            "surprise": 0.06493892092825002,
            "neutral": 42.30464949039516
          },
          "gaze_info": {
            "unnormalized_gaze_point": {
              "x": 20,
              "y": 117
            },
            "gaze_target": "other"
          }
        }
      ]
    },
    {
      "frame_identifier": "frame_022290.jpg",
      "people_in_frame": [
        {
          "name": "Person 3",
          "emotion_detected": {
            "angry": 5.20949399174242e-06,
            "disgust": 9.36588480382472e-11,
            "fear": 0.0012999644241062924,
            "happy": 0.0035012886655749753,
            "sad": 0.23742611519992352,
            "surprise": 1.040038952737632e-05,
            "neutral": 99.75776076316833
          },
          "gaze_info": {
            "unnormalized_gaze_point": {
              "x": 19,
              "y": 121
            },
            "gaze_target": "other"
          }
        },
        {
          "name": "Person 2",
          "emotion_detected": {
            "angry": 1.052661152689538e-08,
            "disgust": 1.9678739705474752e-32,
            "fear": 0.44165942817926407,
            "happy": 1.3677113261389984e-09,
            "sad": 0.0006521649538626662,
            "surprise": 6.226769588228015e-12,
            "neutral": 99.55768585205078
          },
          "gaze_info": {
            "unnormalized_gaze_point": {
              "x": 19,
              "y": 121
            },
            "gaze_target": "other"
          }
        },
        {
          "name": "Person 1",
          "emotion_detected": {
            "angry": 0.11085779563505002,
            "disgust": 9.316804439478975e-06,
            "fear": 15.834141175048492,
            "happy": 59.54047555213875,
            "sad": 18.98301023042324,
            "surprise": 0.7619744609414889,
            "neutral": 4.769535931293479
          },
          "gaze_info": {
            "unnormalized_gaze_point": {
              "x": 21,
              "y": 118
            },
            "gaze_target": "other"
          }
        }
      ]
    },
    {
      "frame_identifier": "frame_022320.jpg",
      "people_in_frame": [
        {
          "name": "Person 2",
          "emotion_detected": {
            "angry": 7.276560864308153e-10,
            "disgust": 3.0729529203880766e-34,
            "fear": 0.17493869987882374,
            "happy": 5.86703333761313e-10,
            "sad": 0.0011990879816798315,
            "surprise": 1.2060462397680987e-12,
            "neutral": 99.82386230372562
          },
          "gaze_info": {
            "unnormalized_gaze_point": {
              "x": 17,
              "y": 121
            },
            "gaze_target": "other"
          }
        },
        {
          "name": "Person 1",
          "emotion_detected": {
            "angry": 0.05350080845122833,
            "disgust": 6.465117003765894e-07,
            "fear": 0.027410522677426316,
            "happy": 95.38929517396745,
            "sad": 0.9657912667642514,
            "surprise": 0.25276031125959025,
            "neutral": 3.3112361805157446
          },
          "gaze_info": {
            "unnormalized_gaze_point": {
              "x": 20,
              "y": 117
            },
            "gaze_target": "other"
          }
        }
      ]
    },
    {
      "frame_identifier": "frame_022350.jpg",
      "people_in_frame": [
        {
          "name": "Person 2",
          "emotion_detected": {
            "angry": 1.530960497264644e-08,
            "disgust": 6.97275985244859e-33,
            "fear": 1.1680745519697666,
            "happy": 6.224478831667879e-10,
            "sad": 0.001403448186465539,
            "surprise": 4.088979978586092e-13,
            "neutral": 98.83052110671997
          },