{
  "session_summary": {
    "total_frames_processed": 10,
    "distinct_people_identified": {
      "1": {
        "assigned_name": "Person 1",
        "appeared_in_frame_indices": [
          0,
          1,
          2,
          3,
          4,
          5,
          6,
          7,
          8
        ]
      },
      "2": {
        "assigned_name": "Person 2",
        "appeared_in_frame_indices": [
          0,
          1,
          2,
          3,
          4,
          5,
          6,
          7,
          8,
          9
        ]
      }
    }
  },
  "frame_by_frame_analysis": [
    {
      "frame_identifier": "frame_003900.jpg",
      "people_in_frame": [
        {
          "name": "Person 1",
          "emotion_detected": {
            "angry": 0.056545301584714464,
            "disgust": 8.276964098883637e-14,
            "fear": 0.0058460573507050605,
            "happy": 7.951775483704007e-14,
            "sad": 99.66268543449814,
            "surprise": 4.734279606620411e-13,
            "neutral": 0.27491975558015636
          },
          "gaze_info": {
            "unnormalized_gaze_point": {
              "x": 280,
              "y": 124
            },
            "gaze_target": "Person 2",
            "target_profile_id": 2
          }
        },
        {
          "name": "Person 2",
          "emotion_detected": {
            "angry": 35.36517322063446,
            "disgust": 2.681562136785942e-05,
            "fear": 8.966973423957825,
            "happy": 0.0356946635292843,
            "sad": 6.289713829755783,
            "surprise": 1.0470276867735606e-07,
            "neutral": 49.34242069721222
          },
          "gaze_info": {
            "unnormalized_gaze_point": {
              "x": 149,
              "y": 185
            },
            "gaze_target": "other"
          }
        }
      ]
    },
    {
      "frame_identifier": "frame_003930.jpg",
      "people_in_frame": [
        {
          "name": "Person 1",
          "emotion_detected": {
            "angry": 0.2870019059628248,
            "disgust": 1.3026824098289304e-14,
            "fear": 0.0010831952749867924,
            "happy": 4.5633486443019154e-15,
            "sad": 99.70887303352356,
            "surprise": 7.649341134055548e-16,
            "neutral": 0.003040426418010611
          },
          "gaze_info": {
            "unnormalized_gaze_point": {
              "x": 280,
              "y": 120
            },
            "gaze_target": "Person 2",
            "target_profile_id": 2
          }
        },
        {
          "name": "Person 2",
          "emotion_detected": {
            "angry": 5.550975352525711,
            "disgust": 1.3526467446123291e-08,
            "fear": 5.2099112421274185,
            "happy": 0.001100716781365918,
            "sad": 2.2210486233234406,
            "surprise": 7.579563875408785e-12,
            "neutral": 87.01696991920471
          },
          "gaze_info": {
            "unnormalized_gaze_point": {
              "x": 149,
              "y": 169
            },
            "gaze_target": "Person 1",
            "target_profile_id": 1
          }
        }
      ]
    },
    {
      "frame_identifier": "frame_003960.jpg",
      "people_in_frame": [
        {
          "name": "Person 1",
          "emotion_detected": {
            "angry": 0.3497918136417866,
            "disgust": 6.121402554177402e-15,
            "fear": 0.0007431427547999192,
            "happy": 2.3818905289969827e-14,
            "sad": 99.64794516563416,
            "surprise": 3.778919041911343e-15,
            "neutral": 0.001524296385468915
          },
          "gaze_info": {
            "unnormalized_gaze_point": {
              "x": 287,
              "y": 129
            },
            "gaze_target": "Person 2",
            "target_profile_id": 2
          }
        },
        {
          "name": "Person 2",
          "emotion_detected": {
            "angry": 13.301637768745422,
            "disgust": 4.808164533187664e-06,
            "fear": 49.29533004760742,
            "happy": 0.0029916895073256455,
            "sad": 20.996350049972534,
            "surprise": 0.01552644680486992,
            "neutral": 16.38815850019455
          },
          "gaze_info": {
            "unnormalized_gaze_point": {
              "x": 149,
              "y": 169
            },
            "gaze_target": "Person 1",
            "target_profile_id": 1
          }
        }
      ]
    },
    {
      "frame_identifier": "frame_003990.jpg",
      "people_in_frame": [
        {
          "name": "Person 1",
          "emotion_detected": {
            "angry": 0.0006008297987136757,
            "disgust": 3.6019480511948084e-16,
            "fear": 0.0043385138269513845,
            "happy": 3.102746291006042e-05,
            "sad": 6.429129093885422,
            "surprise": 9.685042989815429e-07,
            "neutral": 93.56590509414673
          },
          "gaze_info": {
            "unnormalized_gaze_point": {
              "x": 167,
              "y": 245
            },
            "gaze_target": "other"
          }
        },
        {
          "name": "Person 2",
          "emotion_detected": {
            "angry": 0.10506212173400055,
            "disgust": 3.1226351145332524e-08,
            "fear": 5.851134634085573,
            "happy": 3.296191849425592e-08,
            "sad": 93.62496099620824,
            "surprise": 5.332682946664042e-08,
            "neutral": 0.4188445180710863
          },
          "gaze_info": {
            "unnormalized_gaze_point": {
              "x": 149,
              "y": 153
            },
            "gaze_target": "Person 1",
            "target_profile_id": 1
          }
        }
      ]
    },
    {
      "frame_identifier": "frame_004020.jpg",
      "people_in_frame": [
        {
          "name": "Person 1",
          "emotion_detected": {
            "angry": 0.003190965799149126,
            "disgust": 1.7958081040009982e-13,
            "fear": 90.8531129360199,
            "happy": 0.0016471347407787107,
            "sad": 8.551672101020813,
            "surprise": 0.13827652437612414,
            "neutral": 0.45210435055196285
          },
          "gaze_info": {
            "unnormalized_gaze_point": {
              "x": 161,
              "y": 193
            },
            "gaze_target": "other"
          }
        },
        {
          "name": "Person 2",
          "emotion_detected": {
            "angry": 0.022499058104585856,
            "disgust": 1.0459042917356675e-17,
            "fear": 3.781925141811371,
            "happy": 1.0062635539273904e-11,
            "sad": 94.21586990356445,
            "surprise": 5.545657468162219e-16,
            "neutral": 1.979706808924675
          },
          "gaze_info": {
            "unnormalized_gaze_point": {
              "x": 322,
              "y": 241
            },
            "gaze_target": "other"
          }
        }
      ]
    },
    {
      "frame_identifier": "frame_004050.jpg",
      "people_in_frame": [
        {
          "name": "Person 1",
          "emotion_detected": {
            "angry": 0.018959399312734604,
            "disgust": 9.842956289735948e-15,
            "fear": 8.512207614330691e-05,
            "happy": 0.0006387085704773199,
            "sad": 1.179780624806881,
            "surprise": 4.7947679160387224e-08,
            "neutral": 98.80053400993347
          },
          "gaze_info": {
            "unnormalized_gaze_point": {
              "x": 143,
              "y": 177
            },
            "gaze_target": "other"
          }
        },
        {
          "name": "Person 2",
          "emotion_detected": {
            "angry": 6.463935497968976e-08,
            "disgust": 3.6763822485655286e-25,
            "fear": 0.030928177875466645,
            "happy": 2.5792837222998353e-13,
            "sad": 99.56474900245667,
            "surprise": 1.1639329888964327e-19,