{
  "session_summary": {
    "total_frames_processed": 10,
    "distinct_people_identified": {
      "1": {
        "assigned_name": "Person 1",
        "appeared_in_frame_indices": [
          0,
          1,
          2,
          3,
          4,
          5,
          6,
          7,
          8,
          9
        ]
      },
      "2": {
        "assigned_name": "Person 2",
        "appeared_in_frame_indices": [
          3,
          5,
          6,
          7
        ]
      }
    }
  },
  "frame_by_frame_analysis": [
    {
      "frame_identifier": "frame_019500.jpg",
      "people_in_frame": [
        {
          "name": "Person 1",
          "emotion_detected": {
            "angry": 6.22101548165908e-14,
            "disgust": 1.3717207246909622e-21,
            "fear": 1.456233245100691e-07,
            "happy": 1.9029620934585267e-08,
            "sad": 99.99994039535522,
            "surprise": 2.895999299285661e-22,
            "neutral": 6.283807465479185e-05
          },
          "gaze_info": {
            "unnormalized_gaze_point": {
              "x": 245,
              "y": 157
            },
            "gaze_target": "other"
          }
        },
        {
          "name": "Person 1",
          "emotion_detected": {
            "angry": 8.481516130798273e-14,
            "disgust": 1.1881739513524039e-26,
            "fear": 99.99998807907104,
            "happy": 1.1813733635790413e-05,
            "sad": 4.837623272753227e-13,
            "surprise": 2.8557384944433715e-15,
            "neutral": 1.6061107056103932e-21
          },
          "gaze_info": {
            "unnormalized_gaze_point": {
              "x": 136,
              "y": 108
            },
            "gaze_target": "other"
          }
        }
      ]
    },
    {
      "frame_identifier": "frame_019530.jpg",
      "people_in_frame": [
        {
          "name": "Person 1",
          "emotion_detected": {
            "angry": 8.665825855501669e-17,
            "disgust": 6.496090543626551e-35,
            "fear": 0.12429296039044857,
            "happy": 5.3546754771633016e-14,
            "sad": 99.87568855285645,
            "surprise": 1.9192753749468919e-26,
            "neutral": 2.3488047418140923e-05
          },
          "gaze_info": {
            "unnormalized_gaze_point": {
              "x": 136,
              "y": 116
            },
            "gaze_target": "other"
          }
        },
        {
          "name": "Person 1",
          "emotion_detected": {
            "angry": 0.022198256920091808,
            "disgust": 8.445528612545193e-15,
            "fear": 0.19591604359447956,
            "happy": 9.108482301734e-08,
            "sad": 14.136196672916412,
            "surprise": 4.106673612280787e-08,
            "neutral": 85.64568758010864
          },
          "gaze_info": {
            "unnormalized_gaze_point": {
              "x": 16,
              "y": 44
            },
            "gaze_target": "other"
          }
        }
      ]
    },
    {
      "frame_identifier": "frame_019560.jpg",
      "people_in_frame": [
        {
          "name": "Person 1",
          "emotion_detected": {
            "angry": 2.7977405990727e-17,
            "disgust": 6.277341948249624e-35,
            "fear": 0.07941705625002905,
            "happy": 1.447691472023957e-13,
            "sad": 99.92009998320341,
            "surprise": 1.7679148854181631e-25,
            "neutral": 0.00047785546245588995
          },
          "gaze_info": {
            "unnormalized_gaze_point": {
              "x": 135,
              "y": 133
            },
            "gaze_target": "other"
          }
        },
        {
          "name": "Person 1",
          "emotion_detected": {
            "angry": 0.00021430678316392004,
            "disgust": 1.4808839011898095e-13,
            "fear": 98.86249303817749,
            "happy": 3.8742461150288125e-13,
            "sad": 1.1371852830052376,
            "surprise": 3.7704123677373413e-10,
            "neutral": 0.00010647906947269803
          },
          "gaze_info": {
            "unnormalized_gaze_point": {
              "x": 21,
              "y": 48
            },
            "gaze_target": "other"
          }
        }
      ]
    },
    {
      "frame_identifier": "frame_019590.jpg",
      "people_in_frame": [
        {
          "name": "Person 1",
          "emotion_detected": {
            "angry": 6.210299494342232e-18,
            "disgust": 4.614462110296672e-36,
            "fear": 0.03936639986932278,
            "happy": 1.1981008400182181e-14,
            "sad": 99.96050000190735,
            "surprise": 6.047651618451733e-26,
            "neutral": 0.00013020045344092068
          },
          "gaze_info": {
            "unnormalized_gaze_point": {
              "x": 135,
              "y": 141
            },
            "gaze_target": "other"
          }
        },
        {
          "name": "Person 1",
          "emotion_detected": {
            "angry": 0.000284644249685599,
            "disgust": 3.211642057644258e-13,
            "fear": 99.87800715899553,
            "happy": 3.2704052079303e-05,
            "sad": 0.007129128184195988,
            "surprise": 0.04528089442379259,
            "neutral": 0.0692693890225904
          },
          "gaze_info": {
            "unnormalized_gaze_point": {
              "x": 92,
              "y": 141
            },
            "gaze_target": "other"
          }
        },
        {
          "name": "Person 2",
          "emotion_detected": {
            "angry": 0.007571934838779271,
            "disgust": 2.188934757896277e-05,
            "fear": 0.019762114970944822,
            "happy": 6.401780992746353,
            "sad": 93.37100386619568,
            "surprise": 1.5482729764926262e-06,
            "neutral": 0.19986210390925407
          },
          "gaze_info": {
            "unnormalized_gaze_point": {
              "x": 135,
              "y": 141
            },
            "gaze_target": "Person 1",
            "target_profile_id": 1
          }
        }
      ]
    },
    {
      "frame_identifier": "frame_019620.jpg",
      "people_in_frame": [
        {
          "name": "Person 1",
          "emotion_detected": {
            "angry": 1.0627014335629317e-16,
            "disgust": 1.9862634295788255e-34,
            "fear": 0.08754900712811989,
            "happy": 9.906653360805332e-14,
            "sad": 99.91096257632748,
            "surprise": 1.723040260795043e-24,
            "neutral": 0.0014899463145821952
          },
          "gaze_info": {
            "unnormalized_gaze_point": {
              "x": 135,
              "y": 141
            },
            "gaze_target": "other"
          }
        },
        {
          "name": "Person 1",
          "emotion_detected": {
            "angry": 35.751354694366455,
            "disgust": 1.8709755966739294e-10,
            "fear": 11.097102612257004,
            "happy": 6.95001062922529e-05,
            "sad": 52.886366844177246,
            "surprise": 8.845609045238234e-06,
            "neutral": 0.26510157622396946
          },
          "gaze_info": {
            "unnormalized_gaze_point": {
              "x": 92,
              "y": 141
            },
            "gaze_target": "other"
          }
        }
      ]
    },
    {
      "frame_identifier": "frame_019650.jpg",
      "people_in_frame": [
        {
          "name": "Person 1",
          "emotion_detected": {
            "angry": 2.860896585948099e-16,
            "disgust": 3.419146585515179e-33,
            "fear": 0.14153675874695182,
            "happy": 6.397016434362551e-13,
            "sad": 99.85482096672058,
            "surprise": 9.256069849126796e-24,
            "neutral": 0.003647369521786459
          },
          "gaze_info": {
            "unnormalized_gaze_point": {
              "x": 135,
              "y": 141
            },