{
  "session_summary": {
    "total_frames_processed": 10,
    "distinct_people_identified": {
      "1": {
        "assigned_name": "Person 1",
        "appeared_in_frame_indices": [
          0,
          1,
          2,
          3,
          4,
          5,
          6,
          7,
          8,
          9
        ]
      },
      "2": {
        "assigned_name": "Person 2",
        "appeared_in_frame_indices": [
          2,
          3,
          4,
          5,
          6
        ]
      }
    }
  },
  "frame_by_frame_analysis": [
    {
      "frame_identifier": "frame_021300.jpg",
      "people_in_frame": [
        {
          "name": "Person 1",
          "emotion_detected": {
            "angry": 1.3352150500967486e-12,
            "disgust": 0.0,
            "fear": 0.07123169489204884,
            "happy": 4.9825578230433795e-15,
            "sad": 65.94855189323425,
            "surprise": 4.297079810320391e-25,
            "neutral": 33.98021757602692
          },
          "gaze_info": {
            "gaze_target": "camera"
          }
        }
      ]
    },
    {
      "frame_identifier": "frame_021330.jpg",
      "people_in_frame": [
        {
          "name": "Person 1",
          "emotion_detected": {
            "angry": 2.8096306477123217e-12,
            "disgust": 1.749776003116303e-33,
            "fear": 7.649281620979309,
            "happy": 1.2335016556064255e-15,
            "sad": 92.31640696525574,
            "surprise": 1.6410132610184325e-24,
            "neutral": 0.034314359072595835
          },
          "gaze_info": {
            "gaze_target": "camera"
          }
        }
      ]
    },
    {
      "frame_identifier": "frame_021360.jpg",
      "people_in_frame": [
        {
          "name": "Person 1",
          "emotion_detected": {
            "angry": 3.826324633114837e-12,
            "disgust": 7.205839145258164e-29,
            "fear": 6.765203177928925,
            "happy": 1.3165197285201075e-11,
            "sad": 93.22843551635742,
            "surprise": 2.6133677918848874e-22,
            "neutral": 0.0063581959693692625
          },
          "gaze_info": {
            "gaze_target": "camera"
          }
        },
        {
          "name": "Person 2",
          "emotion_detected": {
            "angry": 2.935378914424385e-13,
            "disgust": 2.0040277903016982e-24,
            "fear": 0.0706896185874939,
            "happy": 5.295704152974423e-09,
            "sad": 0.00010136978971786448,
            "surprise": 4.141756164699473e-05,
            "neutral": 99.92916584014893
          },
          "gaze_info": {
            "unnormalized_gaze_point": {
              "x": 16,
              "y": 132
            },
            "gaze_target": "other"
          }
        },
        {
          "name": "Person 2",
          "emotion_detected": {
            "angry": 0.0025374871869703196,
            "disgust": 1.3273642754111871e-09,
            "fear": 0.45651559863798635,
            "happy": 0.00031357111211000955,
            "sad": 99.53109627591417,
            "surprise": 0.00019267058609901227,
            "neutral": 0.009340347219897021
          },
          "gaze_info": {
            "unnormalized_gaze_point": {
              "x": 2,
              "y": 148
            },
            "gaze_target": "other"
          }
        }
      ]
    },
    {
      "frame_identifier": "frame_021390.jpg",
      "people_in_frame": [
        {
          "name": "Person 2",
          "emotion_detected": {
            "angry": 3.503090093402511e-05,
            "disgust": 2.4458437912752322e-17,
            "fear": 66.33733316214881,
            "happy": 1.2852781483489003e-05,
            "sad": 33.56107073294273,
            "surprise": 0.060436262063829654,
            "neutral": 0.041108136985598565
          },
          "gaze_info": {
            "unnormalized_gaze_point": {
              "x": 2,
              "y": 146
            },
            "gaze_target": "other"
          }
        },
        {
          "name": "Person 1",
          "emotion_detected": {
            "angry": 1.5416746384274566e-11,
            "disgust": 4.488920932993572e-29,
            "fear": 37.1557742357254,
            "happy": 7.1425917751947315e-12,
            "sad": 62.807464599609375,
            "surprise": 3.50753117554591e-21,
            "neutral": 0.03676608030218631
          },
          "gaze_info": {
            "gaze_target": "camera"
          }
        }
      ]
    },
    {
      "frame_identifier": "frame_021420.jpg",
      "people_in_frame": [
        {
          "name": "Person 2",
          "emotion_detected": {
            "angry": 1.6106648459413009e-06,
            "disgust": 2.880470059606797e-21,
            "fear": 87.23626732826233,
            "happy": 1.3713119528802054e-06,
            "sad": 0.4904431290924549,
            "surprise": 12.272140383720398,
            "neutral": 0.0011445165910117794
          },
          "gaze_info": {
            "unnormalized_gaze_point": {
              "x": 2,
              "y": 146
            },
            "gaze_target": "other"
          }
        },
        {
          "name": "Person 1",
          "emotion_detected": {
            "angry": 8.088350139396489e-12,
            "disgust": 1.1400490819147677e-29,
            "fear": 64.43707346916199,
            "happy": 1.7259456735444108e-13,
            "sad": 35.557377338409424,
            "surprise": 1.2496412652782992e-22,
            "neutral": 0.005548082845052704
          },
          "gaze_info": {
            "unnormalized_gaze_point": {
              "x": 15,
              "y": 133
            },
            "gaze_target": "other"
          }
        }
      ]
    },
    {
      "frame_identifier": "frame_021450.jpg",
      "people_in_frame": [
        {
          "name": "Person 1",
          "emotion_detected": {
            "angry": 3.185955590558955e-13,
            "disgust": 7.463377912747838e-31,
            "fear": 31.585629676915985,
            "happy": 2.6038831965992908e-14,
            "sad": 68.4137146719524,
            "surprise": 6.594422270867003e-25,
            "neutral": 0.0006586284536423358
          },
          "gaze_info": {
            "gaze_target": "camera"
          }
        },
        {
          "name": "Person 2",
          "emotion_detected": {
            "angry": 0.0006797155137140436,
            "disgust": 8.189936238488116e-14,
            "fear": 0.05670857405411314,
            "happy": 0.004583695589831997,
            "sad": 99.658161442499,
            "surprise": 6.377968965377342e-05,
            "neutral": 0.2798010494424642
          },
          "gaze_info": {
            "unnormalized_gaze_point": {
              "x": 2,
              "y": 146
            },
            "gaze_target": "other"
          }
        }
      ]
    },
    {
      "frame_identifier": "frame_021480.jpg",
      "people_in_frame": [
        {
          "name": "Person 1",
          "emotion_detected": {
            "angry": 1.728670866860998e-14,
            "disgust": 1.3773451988873285e-35,
            "fear": 10.116179145346829,
            "happy": 2.454527919515591e-15,
            "sad": 89.88164006958246,
            "surprise": 1.8304956025170219e-25,
            "neutral": 0.0021831532131501527
          },
          "gaze_info": {
            "gaze_target": "camera"
          }
        },
        {
          "name": "Person 2",
          "emotion_detected": {
            "angry": 1.9314328511110118e-11,
            "disgust": 3.4102191875440186e-21,
            "fear": 6.552666425704956,
            "happy": 3.289371885983883e-07,
            "sad": 0.023127951135393232,
            "surprise": 0.0003010171212736168,
            "neutral": 93.42390298843384
          },
          "gaze_info": {
            "gaze_target": "camera"
          }
        }
      ]
    },
    {
      "frame_identifier": "frame_021510.jpg",