{
  "session_summary": {
    "total_frames_processed": 10,
    "distinct_people_identified": {
      "1": {
        "assigned_name": "Person 1",
        "appeared_in_frame_indices": [
          0,
          1,
          2,
          3,
          4,
          5,
          6,
          7,
          8,
          9
        ]
      },
      "2": {
        "assigned_name": "Person 2",
        "appeared_in_frame_indices": [
          0,
          1,
          2,
          3,
          4,
          5,
          6,
          7,
          8,
          9
        ]
      }
    }
  },
  "frame_by_frame_analysis": [
    {
      "frame_identifier": "frame_006300.jpg",
      "people_in_frame": [
        {
          "name": "Person 1",
          "emotion_detected": {
            "angry": 8.133558253575757e-05,
            "disgust": 1.2727711246091914e-16,
            "fear": 37.92620897293091,
            "happy": 8.472749953893077e-12,
            "sad": 62.071430683135986,
            "surprise": 2.427719969499975e-08,
            "neutral": 0.0022764308596379124
          },
          "gaze_info": {
            "unnormalized_gaze_point": {
              "x": 160,
              "y": 205
            },
            "gaze_target": "other"
          }
        },
        {
          "name": "Person 2",
          "emotion_detected": {
            "angry": 40.173640847206116,
            "disgust": 6.742240543644584e-06,
            "fear": 6.544245034456253,
            "happy": 0.006899275467731059,
            "sad": 20.40415108203888,
            "surprise": 3.483314192642695e-08,
            "neutral": 32.87105858325958
          },
          "gaze_info": {
            "unnormalized_gaze_point": {
              "x": 148,
              "y": 157
            },
            "gaze_target": "Person 1",
            "target_profile_id": 1
          }
        }
      ]
    },
    {
      "frame_identifier": "frame_006330.jpg",
      "people_in_frame": [
        {
          "name": "Person 2",
          "emotion_detected": {
            "angry": 8.271546420866677,
            "disgust": 0.0006054128977187435,
            "fear": 83.47925144681317,
            "happy": 0.07655866462783043,
            "sad": 2.0320169067958704,
            "surprise": 4.029209196695313e-06,
            "neutral": 6.140019012687324
          },
          "gaze_info": {
            "unnormalized_gaze_point": {
              "x": 159,
              "y": 124
            },
            "gaze_target": "Person 1",
            "target_profile_id": 1
          }
        },
        {
          "name": "Person 1",
          "emotion_detected": {
            "angry": 0.43928055092692375,
            "disgust": 9.338560857941047e-05,
            "fear": 1.491617877036333,
            "happy": 0.0038408619730034843,
            "sad": 69.22914981842041,
            "surprise": 0.00045062502067594323,
            "neutral": 28.835564851760864
          },
          "gaze_info": {
            "unnormalized_gaze_point": {
              "x": 205,
              "y": 185
            },
            "gaze_target": "other"
          }
        }
      ]
    },
    {
      "frame_identifier": "frame_006360.jpg",
      "people_in_frame": [
        {
          "name": "Person 2",
          "emotion_detected": {
            "angry": 48.51256310939789,
            "disgust": 0.003023820863745641,
            "fear": 15.241269767284393,
            "happy": 0.04476715112105012,
            "sad": 17.595620453357697,
            "surprise": 3.0179421628417913e-06,
            "neutral": 18.602745234966278
          },
          "gaze_info": {
            "unnormalized_gaze_point": {
              "x": 171,
              "y": 133
            },
            "gaze_target": "Person 1",
            "target_profile_id": 1
          }
        },
        {
          "name": "Person 1",
          "emotion_detected": {
            "angry": 0.0068338984855166665,
            "disgust": 0.00013561258027721676,
            "fear": 99.3685721974714,
            "happy": 6.72852633302746e-05,
            "sad": 0.22660264699027818,
            "surprise": 0.3944676138888367,
            "neutral": 0.003321403180663291
          },
          "gaze_info": {
            "unnormalized_gaze_point": {
              "x": 205,
              "y": 249
            },
            "gaze_target": "other"
          }
        }
      ]
    },
    {
      "frame_identifier": "frame_006390.jpg",
      "people_in_frame": [
        {
          "name": "Person 2",
          "emotion_detected": {
            "angry": 46.88912909562165,
            "disgust": 0.0017489833359117001,
            "fear": 36.581455861416806,
            "happy": 0.24506425548727842,
            "sad": 3.2288873630098918,
            "surprise": 3.7867183647598493e-06,
            "neutral": 13.053708556515488
          },
          "gaze_info": {
            "unnormalized_gaze_point": {
              "x": 159,
              "y": 133
            },
            "gaze_target": "Person 1",
            "target_profile_id": 1
          }
        },
        {
          "name": "Person 1",
          "emotion_detected": {
            "angry": 3.2771483063697815,
            "disgust": 0.006946807843632996,
            "fear": 48.454102873802185,
            "happy": 0.07121649105101824,
            "sad": 47.01702296733856,
            "surprise": 0.0031066207156982273,
            "neutral": 1.1704637669026852
          },
          "gaze_info": {
            "unnormalized_gaze_point": {
              "x": 279,
              "y": 120
            },
            "gaze_target": "Person 2",
            "target_profile_id": 2
          }
        }
      ]
    },
    {
      "frame_identifier": "frame_006420.jpg",
      "people_in_frame": [
        {
          "name": "Person 2",
          "emotion_detected": {
            "angry": 54.351544898932566,
            "disgust": 1.1631158934750842e-05,
            "fear": 18.67201699876988,
            "happy": 0.03174841491393476,
            "sad": 1.7680011934639446,
            "surprise": 1.0888073963653033e-06,
            "neutral": 25.176686069570312
          },
          "gaze_info": {
            "unnormalized_gaze_point": {
              "x": 183,
              "y": 185
            },
            "gaze_target": "other"
          }
        },
        {
          "name": "Person 1",
          "emotion_detected": {
            "angry": 0.0021164738427614793,
            "disgust": 8.071822804736394e-16,
            "fear": 2.439463324844837,
            "happy": 4.5303455431522366e-08,
            "sad": 83.95105600357056,
            "surprise": 3.775805894074696e-12,
            "neutral": 13.607361912727356
          },
          "gaze_info": {
            "unnormalized_gaze_point": {
              "x": 188,
              "y": 249
            },
            "gaze_target": "other"
          }
        }
      ]
    },
    {
      "frame_identifier": "frame_006450.jpg",
      "people_in_frame": [
        {
          "name": "Person 1",
          "emotion_detected": {
            "angry": 3.9045765066651694,
            "disgust": 3.981263981284216e-05,
            "fear": 0.6819355885612263,
            "happy": 0.00019500641832575523,
            "sad": 95.03938018806217,
            "surprise": 0.000332041219261276,
            "neutral": 0.3735382363080101
          },
          "gaze_info": {
            "unnormalized_gaze_point": {
              "x": 286,
              "y": 129
            },
            "gaze_target": "Person 2",
            "target_profile_id": 2
          }
        },
        {
          "name": "Person 2",
          "emotion_detected": {
            "angry": 16.589222848415375,
            "disgust": 4.037243039878291e-08,
            "fear": 10.474834591150284,
            "happy": 0.0002775714847302879,
            "sad": 35.93943417072296,
            "surprise": 2.0281307744340893e-07,