{
  "session_summary": {
    "total_frames_processed": 10,
    "distinct_people_identified": {
      "1": {
        "assigned_name": "Person 1",
        "appeared_in_frame_indices": [
          0,
          1,
          2,
          3,
          4,
          5,
          6,
          7,
          8,
          9
        ]
      },
      "2": {
        "assigned_name": "Person 2",
        "appeared_in_frame_indices": [
          1,
          3,
          9
        ]
      }
    }
  },
  "frame_by_frame_analysis": [
    {
      "frame_identifier": "frame_009000.jpg",
      "people_in_frame": [
        {
          "name": "Person 1",
          "emotion_detected": {
            "angry": 0.0005409838195191696,
            "disgust": 1.0019127440688479e-29,
            "fear": 23.098306357860565,
            "happy": 4.25337255650568e-13,
            "sad": 0.2284749411046505,
            "surprise": 3.4909662210253037e-15,
            "neutral": 76.67267918586731
          },
          "gaze_info": {
            "unnormalized_gaze_point": {
              "x": 107,
              "y": 129
            },
            "gaze_target": "other"
          }
        }
      ]
    },
    {
      "frame_identifier": "frame_009030.jpg",
      "people_in_frame": [
        {
          "name": "Person 1",
          "emotion_detected": {
            "angry": 0.00038753009831057623,
            "disgust": 3.8483006208741743e-31,
            "fear": 9.61753164320807,
            "happy": 3.4719634964660787e-13,
            "sad": 0.24031898401600313,
            "surprise": 6.762614705351089e-16,
            "neutral": 90.14175651767772
          },
          "gaze_info": {
            "unnormalized_gaze_point": {
              "x": 107,
              "y": 129
            },
            "gaze_target": "other"
          }
        },
        {
          "name": "Person 1",
          "emotion_detected": {
            "angry": 0.4501237999647856,
            "disgust": 0.0006407916316675255,
            "fear": 1.604417897760868,
            "happy": 0.0045239448809297755,
            "sad": 97.74416089057922,
            "surprise": 6.382371111612883e-05,
            "neutral": 0.1960747642442584
          },
          "gaze_info": {
            "unnormalized_gaze_point": {
              "x": 236,
              "y": 124
            },
            "gaze_target": "other"
          }
        },
        {
          "name": "Person 2",
          "emotion_detected": {
            "angry": 9.839619715147487e-05,
            "disgust": 5.149755902767816e-07,
            "fear": 0.021899483972819475,
            "happy": 0.7080825424143723,
            "sad": 99.26095596086454,
            "surprise": 9.063090942331687e-09,
            "neutral": 0.008965631764243231
          },
          "gaze_info": {
            "unnormalized_gaze_point": {
              "x": 107,
              "y": 133
            },
            "gaze_target": "Person 1",
            "target_profile_id": 1
          }
        }
      ]
    },
    {
      "frame_identifier": "frame_009060.jpg",
      "people_in_frame": [
        {
          "name": "Person 1",
          "emotion_detected": {
            "angry": 0.0023620479623787105,
            "disgust": 4.13692244102402e-29,
            "fear": 19.830314815044403,
            "happy": 8.931964969895439e-13,
            "sad": 0.830816850066185,
            "surprise": 1.3119092786897144e-15,
            "neutral": 79.33650612831116
          },
          "gaze_info": {
            "unnormalized_gaze_point": {
              "x": 107,
              "y": 129
            },
            "gaze_target": "other"
          }
        },
        {
          "name": "Person 1",
          "emotion_detected": {
            "angry": 52.6820182800293,
            "disgust": 0.014192260277923197,
            "fear": 1.303317118436098,
            "happy": 13.683357834815979,
            "sad": 13.998502492904663,
            "surprise": 0.022976260515861213,
            "neutral": 18.29563081264496
          },
          "gaze_info": {
            "unnormalized_gaze_point": {
              "x": 247,
              "y": 249
            },
            "gaze_target": "other"
          }
        }
      ]
    },
    {
      "frame_identifier": "frame_009090.jpg",
      "people_in_frame": [
        {
          "name": "Person 1",
          "emotion_detected": {
            "angry": 0.001053103096637642,
            "disgust": 2.6913020744703427e-29,
            "fear": 16.166742146015167,
            "happy": 8.02029883478772e-12,
            "sad": 0.9374197572469711,
            "surprise": 3.202809251964086e-15,
            "neutral": 82.89478421211243
          },
          "gaze_info": {
            "unnormalized_gaze_point": {
              "x": 107,
              "y": 133
            },
            "gaze_target": "other"
          }
        },
        {
          "name": "Person 1",
          "emotion_detected": {
            "angry": 46.32266141907343,
            "disgust": 0.016090952935461873,
            "fear": 6.4106676823298745,
            "happy": 0.0019152064173931355,
            "sad": 25.873743049725476,
            "surprise": 0.4784702608567632,
            "neutral": 20.8964554009709
          },
          "gaze_info": {
            "unnormalized_gaze_point": {
              "x": 252,
              "y": 249
            },
            "gaze_target": "other"
          }
        },
        {
          "name": "Person 2",
          "emotion_detected": {
            "angry": 0.0001452639594390348,
            "disgust": 2.661641351764388e-07,
            "fear": 0.014817650662735105,
            "happy": 0.07183863781392574,
            "sad": 99.89733695983887,
            "surprise": 4.553155769082551e-09,
            "neutral": 0.015859314589761198
          },
          "gaze_info": {
            "unnormalized_gaze_point": {
              "x": 112,
              "y": 133
            },
            "gaze_target": "Person 1",
            "target_profile_id": 1
          }
        }
      ]
    },
    {
      "frame_identifier": "frame_009120.jpg",
      "people_in_frame": [
        {
          "name": "Person 1",
          "emotion_detected": {
            "angry": 0.683081429451704,
            "disgust": 4.20728215569793e-23,
            "fear": 92.92490482330322,
            "happy": 1.9981671211307533e-11,
            "sad": 0.00020442957975319587,
            "surprise": 7.08425915721617e-13,
            "neutral": 6.391814351081848
          },
          "gaze_info": {
            "unnormalized_gaze_point": {
              "x": 112,
              "y": 137
            },
            "gaze_target": "other"
          }
        },
        {
          "name": "Person 1",
          "emotion_detected": {
            "angry": 86.88787378217295,
            "disgust": 0.0038520824956320603,
            "fear": 0.5306154322635612,
            "happy": 0.05807400338028331,
            "sad": 10.348367202476597,
            "surprise": 0.002540281700057855,
            "neutral": 2.1686780475165786
          },
          "gaze_info": {
            "unnormalized_gaze_point": {
              "x": 251,
              "y": 249
            },
            "gaze_target": "other"
          }
        }
      ]
    },
    {
      "frame_identifier": "frame_009150.jpg",
      "people_in_frame": [
        {
          "name": "Person 1",
          "emotion_detected": {
            "angry": 6.324659595052965e-06,
            "disgust": 2.529670022001483e-30,
            "fear": 92.10014249088078,
            "happy": 1.2383794265776532e-12,
            "sad": 1.9386258424670508,
            "surprise": 9.35689242874818e-17,
            "neutral": 5.961228872684106
          },
          "gaze_info": {
            "unnormalized_gaze_point": {
              "x": 252,
              "y": 249
            },