{
  "session_summary": {
    "total_frames_processed": 10,
    "distinct_people_identified": {
      "1": {
        "assigned_name": "Person 1",
        "appeared_in_frame_indices": [
          0,
          1,
          2,
          3,
          4,
          5,
          6,
          7,
          8,
          9
        ]
      },
      "2": {
        "assigned_name": "Person 2",
        "appeared_in_frame_indices": [
          0,
          1,
          2,
          3,
          4,
          5,
          6,
          7,
          8,
          9
        ]
      },
      "3": {
        "assigned_name": "Person 3",
        "appeared_in_frame_indices": [
          0
        ]
      },
      "4": {
        "assigned_name": "Person 4",
        "appeared_in_frame_indices": [
          5
        ]
      }
    }
  },
  "frame_by_frame_analysis": [
    {
      "frame_identifier": "frame_015600.jpg",
      "people_in_frame": [
        {
          "name": "Person 1",
          "emotion_detected": {
            "angry": 1.7345888540148735,
            "disgust": 4.3559747822663475e-10,
            "fear": 2.1634552627801895,
            "happy": 1.9593738187495546e-06,
            "sad": 0.1305441139265895,
            "surprise": 1.6862081508861593e-06,
            "neutral": 95.97140550613403
          },
          "gaze_info": {
            "unnormalized_gaze_point": {
              "x": 144,
              "y": 173
            },
            "gaze_target": "Person 2",
            "target_profile_id": 2
          }
        },
        {
          "name": "Person 2",
          "emotion_detected": {
            "angry": 0.012420410348568112,
            "disgust": 2.182470882159718e-15,
            "fear": 0.0066981294366996735,
            "happy": 5.647324621826932e-10,
            "sad": 21.94570004940033,
            "surprise": 1.5059297808761585e-06,
            "neutral": 78.03518176078796
          },
          "gaze_info": {
            "unnormalized_gaze_point": {
              "x": 168,
              "y": 245
            },
            "gaze_target": "other"
          }
        },
        {
          "name": "Person 3",
          "emotion_detected": {
            "angry": 0.017430595471523702,
            "disgust": 1.6533017177522424e-07,
            "fear": 4.35292050242424,
            "happy": 95.5166220664978,
            "sad": 0.1130139920860529,
            "surprise": 1.0354573198867456e-06,
            "neutral": 9.623128249813817e-06
          },
          "gaze_info": {
            "unnormalized_gaze_point": {
              "x": 144,
              "y": 173
            },
            "gaze_target": "Person 1",
            "target_profile_id": 1
          }
        }
      ]
    },
    {
      "frame_identifier": "frame_015630.jpg",
      "people_in_frame": [
        {
          "name": "Person 1",
          "emotion_detected": {
            "angry": 2.905973233282566,
            "disgust": 2.5483532384990015e-10,
            "fear": 1.5227456577122211,
            "happy": 9.620187313430506e-07,
            "sad": 0.10692102368921041,
            "surprise": 1.0050190901722544e-06,
            "neutral": 95.46436071395874
          },
          "gaze_info": {
            "unnormalized_gaze_point": {
              "x": 156,
              "y": 145
            },
            "gaze_target": "Person 2",
            "target_profile_id": 2
          }
        },
        {
          "name": "Person 2",
          "emotion_detected": {
            "angry": 9.527848660945892,
            "disgust": 4.670983173582499e-05,
            "fear": 21.52232527732849,
            "happy": 0.0001004450837172044,
            "sad": 67.73316860198975,
            "surprise": 0.000483860503663891,
            "neutral": 1.2160279788076878
          },
          "gaze_info": {
            "gaze_target": "camera"
          }
        }
      ]
    },
    {
      "frame_identifier": "frame_015660.jpg",
      "people_in_frame": [
        {
          "name": "Person 1",
          "emotion_detected": {
            "angry": 2.120063826441765,
            "disgust": 1.428065131425793e-10,
            "fear": 3.71357798576355,
            "happy": 7.365073884102458e-06,
            "sad": 0.0277541927061975,
            "surprise": 3.8473888253065525e-05,
            "neutral": 94.13856267929077
          },
          "gaze_info": {
            "unnormalized_gaze_point": {
              "x": 300,
              "y": 245
            },
            "gaze_target": "other"
          }
        },
        {
          "name": "Person 2",
          "emotion_detected": {
            "angry": 60.46789884567261,
            "disgust": 3.2087449142181868e-06,
            "fear": 39.46996629238129,
            "happy": 0.0007141631158447126,
            "sad": 0.06074048578739166,
            "surprise": 0.0006705045962007716,
            "neutral": 9.734222317092645e-06
          },
          "gaze_info": {
            "gaze_target": "camera"
          }
        }
      ]
    },
    {
      "frame_identifier": "frame_015690.jpg",
      "people_in_frame": [
        {
          "name": "Person 1",
          "emotion_detected": {
            "angry": 3.7488389760255814,
            "disgust": 2.7882518342792206e-10,
            "fear": 4.524656757712364,
            "happy": 1.9479362123320243e-06,
            "sad": 0.13516757171601057,
            "surprise": 9.964149683128198e-06,
            "neutral": 91.59132838249207
          },
          "gaze_info": {
            "unnormalized_gaze_point": {
              "x": 144,
              "y": 153
            },
            "gaze_target": "Person 2",
            "target_profile_id": 2
          }
        },
        {
          "name": "Person 2",
          "emotion_detected": {
            "angry": 0.4444566820238043,
            "disgust": 1.1297851106371895e-07,
            "fear": 53.136751242682415,
            "happy": 45.82393144511768,
            "sad": 0.00020307617279177072,
            "surprise": 0.5083459732440694,
            "neutral": 0.08631281021425487
          },
          "gaze_info": {
            "gaze_target": "camera"
          }
        }
      ]
    },
    {
      "frame_identifier": "frame_015720.jpg",
      "people_in_frame": [
        {
          "name": "Person 1",
          "emotion_detected": {
            "angry": 0.28288273606449366,
            "disgust": 2.536357896713165e-11,
            "fear": 3.8920793682336807,
            "happy": 4.315027624102186e-06,
            "sad": 0.05503177526406944,
            "surprise": 6.482225103354722e-05,
            "neutral": 95.76994180679321
          },
          "gaze_info": {
            "unnormalized_gaze_point": {
              "x": 300,
              "y": 245
            },
            "gaze_target": "other"
          }
        },
        {
          "name": "Person 2",
          "emotion_detected": {
            "angry": 0.030802212512438747,
            "disgust": 1.898887838760086e-15,
            "fear": 1.2186799924778933,
            "happy": 3.365898338608998e-06,
            "sad": 98.75051371756278,
            "surprise": 8.231898658879786e-13,
            "neutral": 1.421701122885641e-09
          },
          "gaze_info": {
            "unnormalized_gaze_point": {
              "x": 168,
              "y": 249
            },
            "gaze_target": "other"
          }
        }
      ]
    },
    {
      "frame_identifier": "frame_015750.jpg",
      "people_in_frame": [
        {
          "name": "Person 1",
          "emotion_detected": {
            "angry": 0.7136991247534752,
            "disgust": 7.853840733144934e-11,
            "fear": 0.6525225471705198,
            "happy": 3.460447715042392e-05,
            "sad": 0.06676797638647258,
            "surprise": 0.00019058109046454774,
            "neutral": 98.56678247451782
          },
          "gaze_info": {
            "unnormalized_gaze_point": {
              "x": 300,