{
  "session_summary": {
    "total_frames_processed": 10,
    "distinct_people_identified": {
      "1": {
        "assigned_name": "Person 1",
        "appeared_in_frame_indices": [
          0,
          1,
          2,
          3,
          4,
          5,
          6,
          7,
          8,
          9
        ]
      },
      "2": {
        "assigned_name": "Person 2",
        "appeared_in_frame_indices": [
          0,
          1,
          2,
          3,
          4,
          5,
          6,
          7,
          8,
          9
        ]
      },
      "3": {
        "assigned_name": "Person 3",
        "appeared_in_frame_indices": [
          1
        ]
      },
      "4": {
        "assigned_name": "Person 4",
        "appeared_in_frame_indices": [
          1,
          4,
          5,
          7,
          8,
          9
        ]
      },
      "5": {
        "assigned_name": "Person 5",
        "appeared_in_frame_indices": [
          6
        ]
      }
    }
  },
  "frame_by_frame_analysis": [
    {
      "frame_identifier": "frame_015000.jpg",
      "people_in_frame": [
        {
          "name": "Person 1",
          "emotion_detected": {
            "angry": 1.0501114651560783,
            "disgust": 1.2741609545230403e-06,
            "fear": 67.01998114585876,
            "happy": 1.0333955913210957e-05,
            "sad": 6.225129961967468,
            "surprise": 0.0004132579306315165,
            "neutral": 25.704357028007507
          },
          "gaze_info": {
            "unnormalized_gaze_point": {
              "x": 306,
              "y": 245
            },
            "gaze_target": "other"
          }
        },
        {
          "name": "Person 2",
          "emotion_detected": {
            "angry": 4.5195278630671964e-06,
            "disgust": 1.196174090026856e-18,
            "fear": 0.0022705306037096307,
            "happy": 1.3188377473438706e-09,
            "sad": 2.629631571471691,
            "surprise": 5.469393045132165e-05,
            "neutral": 97.36803770065308
          },
          "gaze_info": {
            "unnormalized_gaze_point": {
              "x": 162,
              "y": 249
            },
            "gaze_target": "other"
          }
        }
      ]
    },
    {
      "frame_identifier": "frame_015030.jpg",
      "people_in_frame": [
        {
          "name": "Person 1",
          "emotion_detected": {
            "angry": 1.8640389665961266,
            "disgust": 1.048278086557275e-06,
            "fear": 19.990769028663635,
            "happy": 7.210593935269571e-05,
            "sad": 7.998427748680115,
            "surprise": 0.0013963639503344893,
            "neutral": 70.14529705047607
          },
          "gaze_info": {
            "unnormalized_gaze_point": {
              "x": 312,
              "y": 245
            },
            "gaze_target": "other"
          }
        },
        {
          "name": "Person 2",
          "emotion_detected": {
            "angry": 0.00012554356771943276,
            "disgust": 7.056003653490648e-16,
            "fear": 0.08417672361247241,
            "happy": 1.9436238642839276e-10,
            "sad": 8.123219013214111,
            "surprise": 1.2559128492739546e-05,
            "neutral": 91.7924702167511
          },
          "gaze_info": {
            "unnormalized_gaze_point": {
              "x": 312,
              "y": 253
            },
            "gaze_target": "other"
          }
        },
        {
          "name": "Person 3",
          "emotion_detected": {
            "angry": 99.99946355819702,
            "disgust": 3.1176043734440495e-12,
            "fear": 1.251812253855178e-06,
            "happy": 5.070323050304637e-08,
            "sad": 0.0005421029982244363,
            "surprise": 4.1871786654483205e-15,
            "neutral": 2.72111031623945e-09
          },
          "gaze_info": {
            "unnormalized_gaze_point": {
              "x": 312,
              "y": 245
            },
            "gaze_target": "other"
          }
        },
        {
          "name": "Person 4",
          "emotion_detected": {
            "angry": 0.00031164850042841863,
            "disgust": 6.406786212664883e-07,
            "fear": 58.364516496658325,
            "happy": 0.19428222440183163,
            "sad": 41.23435914516449,
            "surprise": 4.802521971214446e-05,
            "neutral": 0.20648264326155186
          },
          "gaze_info": {
            "unnormalized_gaze_point": {
              "x": 144,
              "y": 165
            },
            "gaze_target": "Person 1",
            "target_profile_id": 1
          }
        }
      ]
    },
    {
      "frame_identifier": "frame_015060.jpg",
      "people_in_frame": [
        {
          "name": "Person 1",
          "emotion_detected": {
            "angry": 2.1322619169950485,
            "disgust": 7.388153200338365e-07,
            "fear": 65.0809645652771,
            "happy": 1.1764071672359933e-05,
            "sad": 13.391681015491486,
            "surprise": 0.00017992319953918923,
            "neutral": 19.394904375076294
          },
          "gaze_info": {
            "unnormalized_gaze_point": {
              "x": 155,
              "y": 165
            },
            "gaze_target": "Person 2",
            "target_profile_id": 2
          }
        },
        {
          "name": "Person 2",
          "emotion_detected": {
            "angry": 0.025801200536079705,
            "disgust": 3.7571602213342585e-14,
            "fear": 0.2616934943944216,
            "happy": 7.554538244969322e-09,
            "sad": 44.812920689582825,
            "surprise": 4.194719238626021e-06,
            "neutral": 54.89957928657532
          },
          "gaze_info": {
            "unnormalized_gaze_point": {
              "x": 191,
              "y": 245
            },
            "gaze_target": "other"
          }
        }
      ]
    },
    {
      "frame_identifier": "frame_015090.jpg",
      "people_in_frame": [
        {
          "name": "Person 1",
          "emotion_detected": {
            "angry": 8.360521495342255,
            "disgust": 7.62718846414323e-09,
            "fear": 11.118797957897186,
            "happy": 1.3331187709297865e-06,
            "sad": 18.367397785186768,
            "surprise": 2.2164064716889698e-05,
            "neutral": 62.15326189994812
          },
          "gaze_info": {
            "unnormalized_gaze_point": {
              "x": 144,
              "y": 169
            },
            "gaze_target": "Person 2",
            "target_profile_id": 2
          }
        },
        {
          "name": "Person 2",
          "emotion_detected": {
            "angry": 6.770328701532218e-06,
            "disgust": 1.3907164095044475e-16,
            "fear": 0.007771409317963008,
            "happy": 1.1460253568648858e-08,
            "sad": 2.05220108045346,
            "surprise": 4.552272430567178e-06,
            "neutral": 97.94001567006204
          },
          "gaze_info": {
            "unnormalized_gaze_point": {
              "x": 162,
              "y": 249
            },
            "gaze_target": "other"
          }
        }
      ]
    },
    {
      "frame_identifier": "frame_015120.jpg",
      "people_in_frame": [
        {
          "name": "Person 1",
          "emotion_detected": {
            "angry": 7.629688993655323,
            "disgust": 3.712103067803376e-07,
            "fear": 7.414012541057175,
            "happy": 0.0022470213430293203,
            "sad": 11.96598925781122,
            "surprise": 0.0007507008816863762,
            "neutral": 72.98731481877742
          },
          "gaze_info": {
            "unnormalized_gaze_point": {
              "x": 299,
              "y": 245
            },
            "gaze_target": "other"
          }
        },
        {
          "name": "Person 2",