{
  "session_summary": {
    "total_frames_processed": 10,
    "distinct_people_identified": {
      "1": {
        "assigned_name": "Person 1",
        "appeared_in_frame_indices": [
          0,
          1,
          2,
          3,
          4,
          5,
          6,
          7
        ]
      },
      "2": {
        "assigned_name": "Person 2",
        "appeared_in_frame_indices": [
          0,
          1,
          2,
          3,
          4,
          5,
          6,
          7,
          8,
          9
        ]
      },
      "3": {
        "assigned_name": "Person 3",
        "appeared_in_frame_indices": [
          0,
          1
        ]
      },
      "4": {
        "assigned_name": "Person 4",
        "appeared_in_frame_indices": [
          6
        ]
      }
    }
  },
  "frame_by_frame_analysis": [
    {
      "frame_identifier": "frame_017400.jpg",
      "people_in_frame": [
        {
          "name": "Person 1",
          "emotion_detected": {
            "angry": 13.848519325256348,
            "disgust": 0.0013503391528502107,
            "fear": 12.75276243686676,
            "happy": 0.6137492600828409,
            "sad": 3.3497273921966553,
            "surprise": 0.004387135777506046,
            "neutral": 69.42951083183289
          },
          "gaze_info": {
            "unnormalized_gaze_point": {
              "x": 311,
              "y": 245
            },
            "gaze_target": "other"
          }
        },
        {
          "name": "Person 2",
          "emotion_detected": {
            "angry": 0.1266090665012598,
            "disgust": 2.0382903613462591e-22,
            "fear": 2.4299077689647675,
            "happy": 2.0108181664735316e-16,
            "sad": 0.10705373715609312,
            "surprise": 2.768781470763315e-06,
            "neutral": 97.33642935752869
          },
          "gaze_info": {
            "unnormalized_gaze_point": {
              "x": 293,
              "y": 120
            },
            "gaze_target": "Person 1",
            "target_profile_id": 1
          }
        },
        {
          "name": "Person 3",
          "emotion_detected": {
            "angry": 0.30283713713288307,
            "disgust": 3.4436172313689895e-05,
            "fear": 0.1457651611417532,
            "happy": 0.1320574665442109,
            "sad": 97.79922366142273,
            "surprise": 4.556857291504457e-06,
            "neutral": 1.6200833022594452
          },
          "gaze_info": {
            "unnormalized_gaze_point": {
              "x": 311,
              "y": 245
            },
            "gaze_target": "other"
          }
        }
      ]
    },
    {
      "frame_identifier": "frame_017430.jpg",
      "people_in_frame": [
        {
          "name": "Person 1",
          "emotion_detected": {
            "angry": 60.470008850097656,
            "disgust": 7.429078863196992e-06,
            "fear": 1.8117103725671768,
            "happy": 0.01753670076141134,
            "sad": 8.890343457460403,
            "surprise": 2.995303702846286e-05,
            "neutral": 28.81036102771759
          },
          "gaze_info": {
            "unnormalized_gaze_point": {
              "x": 203,
              "y": 245
            },
            "gaze_target": "other"
          }
        },
        {
          "name": "Person 2",
          "emotion_detected": {
            "angry": 5.173630575754081,
            "disgust": 7.213578165106181e-07,
            "fear": 0.17212774699197692,
            "happy": 0.0011207692054547175,
            "sad": 0.036752025342667125,
            "surprise": 94.0679189007234,
            "neutral": 0.5484546861621551
          },
          "gaze_info": {
            "unnormalized_gaze_point": {
              "x": 179,
              "y": 245
            },
            "gaze_target": "other"
          }
        },
        {
          "name": "Person 3",
          "emotion_detected": {
            "angry": 0.03668803256005049,
            "disgust": 4.033065010844439e-05,
            "fear": 0.046689820010215044,
            "happy": 0.053968740394338965,
            "sad": 99.33464527130127,
            "surprise": 2.7331588103862714e-07,
            "neutral": 0.5279712378978729
          },
          "gaze_info": {
            "unnormalized_gaze_point": {
              "x": 137,
              "y": 149
            },
            "gaze_target": "Person 2",
            "target_profile_id": 2
          }
        }
      ]
    },
    {
      "frame_identifier": "frame_017460.jpg",
      "people_in_frame": [
        {
          "name": "Person 1",
          "emotion_detected": {
            "angry": 41.261474339786254,
            "disgust": 4.2822957848542746e-07,
            "fear": 1.9398653429907151,
            "happy": 0.03124406130589559,
            "sad": 11.218060705892956,
            "surprise": 2.2946509510443416e-06,
            "neutral": 45.549351507502614
          },
          "gaze_info": {
            "unnormalized_gaze_point": {
              "x": 173,
              "y": 181
            },
            "gaze_target": "Person 2",
            "target_profile_id": 2
          }
        },
        {
          "name": "Person 2",
          "emotion_detected": {
            "angry": 1.759569272508088e-05,
            "disgust": 1.1646688135495604e-15,
            "fear": 0.011459529923740774,
            "happy": 3.43153350179648e-07,
            "sad": 59.8718523979187,
            "surprise": 1.594365034419086e-12,
            "neutral": 40.116673707962036
          },
          "gaze_info": {
            "unnormalized_gaze_point": {
              "x": 203,
              "y": 253
            },
            "gaze_target": "other"
          }
        }
      ]
    },
    {
      "frame_identifier": "frame_017490.jpg",
      "people_in_frame": [
        {
          "name": "Person 1",
          "emotion_detected": {
            "angry": 52.46414542198181,
            "disgust": 6.137432251307473e-06,
            "fear": 3.786425292491913,
            "happy": 0.018144224304705858,
            "sad": 10.592132061719894,
            "surprise": 1.3249486130462174e-05,
            "neutral": 33.13913941383362
          },
          "gaze_info": {
            "unnormalized_gaze_point": {
              "x": 185,
              "y": 189
            },
            "gaze_target": "other"
          }
        },
        {
          "name": "Person 2",
          "emotion_detected": {
            "angry": 1.5533546486813296e-07,
            "disgust": 2.6264989342120014e-17,
            "fear": 0.003590270567012314,
            "happy": 1.8009194114358e-11,
            "sad": 99.53316447336462,
            "surprise": 2.7934494776632677e-19,
            "neutral": 0.4632499810755242
          },
          "gaze_info": {
            "unnormalized_gaze_point": {
              "x": 197,
              "y": 245
            },
            "gaze_target": "other"
          }
        }
      ]
    },
    {
      "frame_identifier": "frame_017520.jpg",
      "people_in_frame": [
        {
          "name": "Person 1",
          "emotion_detected": {
            "angry": 52.69269661263803,
            "disgust": 1.0802648309174729e-05,
            "fear": 5.471049947801229,
            "happy": 0.10209266937703904,
            "sad": 7.347477665393213,
            "surprise": 0.00011235318412507538,
            "neutral": 34.386559390220604
          },
          "gaze_info": {
            "unnormalized_gaze_point": {
              "x": 179,
              "y": 189
            },
            "gaze_target": "other"
          }
        },
        {
          "name": "Person 2",
          "emotion_detected": {
            "angry": 2.5692940613594728e-11,
            "disgust": 4.232387693449634e-20,
            "fear": 1.763210555338901e-06,
            "happy": 5.28702645899437e-10,
            "sad": 99.99521970748901,
            "surprise": 8.925441377902517e-20,