{
  "session_summary": {
    "total_frames_processed": 10,
    "distinct_people_identified": {
      "1": {
        "assigned_name": "Person 1",
        "appeared_in_frame_indices": [
          0,
          1,
          2,
          3,
          4,
          5,
          6,
          7,
          8,
          9
        ]
      },
      "2": {
        "assigned_name": "Person 2",
        "appeared_in_frame_indices": [
          0,
          1,
          2,
          3,
          4,
          5,
          6,
          7,
          8,
          9
        ]
      },
      "3": {
        "assigned_name": "Person 3",
        "appeared_in_frame_indices": [
          0
        ]
      },
      "4": {
        "assigned_name": "Person 4",
        "appeared_in_frame_indices": [
          5,
          6,
          7
        ]
      }
    }
  },
  "frame_by_frame_analysis": [
    {
      "frame_identifier": "frame_010500.jpg",
      "people_in_frame": [
        {
          "name": "Person 1",
          "emotion_detected": {
            "angry": 0.02478638202665085,
            "disgust": 4.75867978184591e-09,
            "fear": 1.044633801868478e-05,
            "happy": 99.97342228572634,
            "sad": 0.0001538076459472684,
            "surprise": 5.2667787525840364e-08,
            "neutral": 0.0016284995703706006
          },
          "gaze_info": {
            "unnormalized_gaze_point": {
              "x": 301,
              "y": 153
            },
            "gaze_target": "other"
          }
        },
        {
          "name": "Person 2",
          "emotion_detected": {
            "angry": 0.08842172101140022,
            "disgust": 1.49562389140101e-06,
            "fear": 0.00026875313778873533,
            "happy": 42.443135380744934,
            "sad": 57.46437311172485,
            "surprise": 6.515118222694127e-07,
            "neutral": 0.0038026351830922067
          },
          "gaze_info": {
            "unnormalized_gaze_point": {
              "x": 284,
              "y": 129
            },
            "gaze_target": "Person 1",
            "target_profile_id": 1
          }
        },
        {
          "name": "Person 3",
          "emotion_detected": {
            "angry": 0.010122441744897515,
            "disgust": 7.70255752513549e-06,
            "fear": 2.4060340598225594,
            "happy": 0.004027450631838292,
            "sad": 97.56090044975281,
            "surprise": 1.8768901099974755e-05,
            "neutral": 0.018892409570980817
          },
          "gaze_info": {
            "unnormalized_gaze_point": {
              "x": 295,
              "y": 137
            },
            "gaze_target": "other"
          }
        }
      ]
    },
    {
      "frame_identifier": "frame_010530.jpg",
      "people_in_frame": [
        {
          "name": "Person 1",
          "emotion_detected": {
            "angry": 0.03777824458666146,
            "disgust": 4.252628110767986e-09,
            "fear": 7.464065561180178e-05,
            "happy": 99.9297022819519,
            "sad": 9.942211676161605e-06,
            "surprise": 1.4244759150017217e-06,
            "neutral": 0.03242947568651289
          },
          "gaze_info": {
            "unnormalized_gaze_point": {
              "x": 289,
              "y": 145
            },
            "gaze_target": "other"
          }
        },
        {
          "name": "Person 2",
          "emotion_detected": {
            "angry": 0.0027581963527357513,
            "disgust": 5.87086144185783e-09,
            "fear": 3.156821527473686e-05,
            "happy": 2.404418501784623,
            "sad": 97.59250850588185,
            "surprise": 1.9760631044564827e-07,
            "neutral": 0.000288621947975349
          },
          "gaze_info": {
            "unnormalized_gaze_point": {
              "x": 289,
              "y": 129
            },
            "gaze_target": "other"
          }
        }
      ]
    },
    {
      "frame_identifier": "frame_010560.jpg",
      "people_in_frame": [
        {
          "name": "Person 2",
          "emotion_detected": {
            "angry": 0.03204981812852282,
            "disgust": 2.7860079966086585e-13,
            "fear": 0.0007195387726421296,
            "happy": 1.8015417412842358,
            "sad": 0.2045783569039915,
            "surprise": 0.000979683922382324,
            "neutral": 97.96013223887277
          },
          "gaze_info": {
            "unnormalized_gaze_point": {
              "x": 269,
              "y": 124
            },
            "gaze_target": "Person 1",
            "target_profile_id": 1
          }
        },
        {
          "name": "Person 1",
          "emotion_detected": {
            "angry": 12.214738130569458,
            "disgust": 0.0033201038604602218,
            "fear": 15.725752711296082,
            "happy": 0.0003047897052965709,
            "sad": 71.32043838500977,
            "surprise": 0.11052220361307263,
            "neutral": 0.624924385920167
          },
          "gaze_info": {
            "gaze_target": "camera"
          }
        }
      ]
    },
    {
      "frame_identifier": "frame_010590.jpg",
      "people_in_frame": [
        {
          "name": "Person 2",
          "emotion_detected": {
            "angry": 0.01742193999234587,
            "disgust": 7.779334552551726e-15,
            "fear": 46.86282575130463,
            "happy": 4.79444398949775e-12,
            "sad": 4.562339128710846e-06,
            "surprise": 53.09420824050903,
            "neutral": 0.025536550674587488
          },
          "gaze_info": {
            "unnormalized_gaze_point": {
              "x": 281,
              "y": 129
            },
            "gaze_target": "Person 1",
            "target_profile_id": 1
          }
        },
        {
          "name": "Person 1",
          "emotion_detected": {
            "angry": 5.478518456220627,
            "disgust": 0.0013497520740202162,
            "fear": 54.538118839263916,
            "happy": 0.0028503269277280197,
            "sad": 7.227257639169693,
            "surprise": 32.63459503650665,
            "neutral": 0.11731323320418596
          },
          "gaze_info": {
            "unnormalized_gaze_point": {
              "x": 109,
              "y": 124
            },
            "gaze_target": "Person 2",
            "target_profile_id": 2
          }
        }
      ]
    },
    {
      "frame_identifier": "frame_010620.jpg",
      "people_in_frame": [
        {
          "name": "Person 1",
          "emotion_detected": {
            "angry": 0.09301711079021459,
            "disgust": 2.6591935573132187e-05,
            "fear": 1.704383743070587,
            "happy": 0.00046790831280744824,
            "sad": 98.1329141934463,
            "surprise": 0.008325072618019439,
            "neutral": 0.060864471732942564
          },
          "gaze_info": {
            "gaze_target": "camera"
          }
        },
        {
          "name": "Person 2",
          "emotion_detected": {
            "angry": 0.00010392617468824028,
            "disgust": 5.923066196512022e-18,
            "fear": 1.3550865463912487,
            "happy": 1.3632067696889294e-09,
            "sad": 0.16375466948375106,
            "surprise": 1.4531668313111368e-06,
            "neutral": 98.48105311393738
          },
          "gaze_info": {
            "unnormalized_gaze_point": {
              "x": 119,
              "y": 241
            },
            "gaze_target": "other"
          }
        }
      ]
    },
    {
      "frame_identifier": "frame_010650.jpg",
      "people_in_frame": [
        {
          "name": "Person 4",
          "emotion_detected": {
            "angry": 0.0013310449503478594,
            "disgust": 1.9620810184917126e-09,
            "fear": 3.636063262820244,
            "happy": 96.19859457015991,
            "sad": 0.16401238972321153,
            "surprise": 4.898737231834316e-10,