{
  "session_summary": {
    "total_frames_processed": 10,
    "distinct_people_identified": {
      "1": {
        "assigned_name": "Person 1",
        "appeared_in_frame_indices": [
          0,
          1,
          2,
          3,
          4,
          5,
          6,
          7,
          8,
          9
        ]
      },
      "2": {
        "assigned_name": "Person 2",
        "appeared_in_frame_indices": [
          0,
          1,
          2,
          3,
          4,
          5,
          6,
          7,
          8,
          9
        ]
      },
      "3": {
        "assigned_name": "Person 3",
        "appeared_in_frame_indices": [
          0,
          5
        ]
      }
    }
  },
  "frame_by_frame_analysis": [
    {
      "frame_identifier": "frame_018300.jpg",
      "people_in_frame": [
        {
          "name": "Person 1",
          "emotion_detected": {
            "angry": 1.7684834686334895e-11,
            "disgust": 0.0,
            "fear": 97.43505104989117,
            "happy": 1.8501024797902066e-18,
            "sad": 2.563186887692624,
            "surprise": 6.283780340422435e-29,
            "neutral": 0.0017624833303726587
          },
          "gaze_info": {
            "unnormalized_gaze_point": {
              "x": 121,
              "y": 124
            },
            "gaze_target": "Person 2",
            "target_profile_id": 2
          }
        },
        {
          "name": "Person 2",
          "emotion_detected": {
            "angry": 0.004439748061552875,
            "disgust": 9.277517968194308e-11,
            "fear": 5.277459617466605e-06,
            "happy": 2.3340457130616055,
            "sad": 97.48179942586428,
            "surprise": 2.656899272499139e-06,
            "neutral": 0.17970781959351068
          },
          "gaze_info": {
            "unnormalized_gaze_point": {
              "x": 243,
              "y": 120
            },
            "gaze_target": "Person 1",
            "target_profile_id": 1
          }
        },
        {
          "name": "Person 3",
          "emotion_detected": {
            "angry": 0.03411012585274875,
            "disgust": 0.0011916790754185058,
            "fear": 75.71434378623962,
            "happy": 0.02905171422753483,
            "sad": 22.155694663524628,
            "surprise": 0.0019180093659088016,
            "neutral": 2.0636897534132004
          },
          "gaze_info": {
            "unnormalized_gaze_point": {
              "x": 121,
              "y": 124
            },
            "gaze_target": "Person 2",
            "target_profile_id": 2
          }
        }
      ]
    },
    {
      "frame_identifier": "frame_018330.jpg",
      "people_in_frame": [
        {
          "name": "Person 1",
          "emotion_detected": {
            "angry": 2.198158706583921e-13,
            "disgust": 0.0,
            "fear": 83.23591351509094,
            "happy": 2.4710233556754833e-20,
            "sad": 16.76306575536728,
            "surprise": 1.1986724821088625e-32,
            "neutral": 0.0010214389476459473
          },
          "gaze_info": {
            "unnormalized_gaze_point": {
              "x": 143,
              "y": 141
            },
            "gaze_target": "Person 2",
            "target_profile_id": 2
          }
        },
        {
          "name": "Person 2",
          "emotion_detected": {
            "angry": 1.4810354714983448e-06,
            "disgust": 4.202090732425511e-14,
            "fear": 0.0036234231060595055,
            "happy": 1.0772086443202586e-05,
            "sad": 99.93036388935828,
            "surprise": 1.8568772627184804e-09,
            "neutral": 0.06600242152265737
          },
          "gaze_info": {
            "unnormalized_gaze_point": {
              "x": 143,
              "y": 141
            },
            "gaze_target": "Person 1",
            "target_profile_id": 1
          }
        }
      ]
    },
    {
      "frame_identifier": "frame_018360.jpg",
      "people_in_frame": [
        {
          "name": "Person 1",
          "emotion_detected": {
            "angry": 1.414593049456748e-12,
            "disgust": 0.0,
            "fear": 98.91206039046521,
            "happy": 3.6311774572924396e-19,
            "sad": 1.0876882456018633,
            "surprise": 1.2799921195403852e-29,
            "neutral": 0.00024952741322880944
          },
          "gaze_info": {
            "unnormalized_gaze_point": {
              "x": 154,
              "y": 149
            },
            "gaze_target": "Person 2",
            "target_profile_id": 2
          }
        },
        {
          "name": "Person 2",
          "emotion_detected": {
            "angry": 0.0028784292019567803,
            "disgust": 1.4130856467203801e-13,
            "fear": 0.00062074621506549,
            "happy": 2.6732621042239533e-09,
            "sad": 99.99619722321,
            "surprise": 3.878634472762646e-15,
            "neutral": 0.0003063538680675394
          },
          "gaze_info": {
            "unnormalized_gaze_point": {
              "x": 182,
              "y": 237
            },
            "gaze_target": "other"
          }
        }
      ]
    },
    {
      "frame_identifier": "frame_018390.jpg",
      "people_in_frame": [
        {
          "name": "Person 2",
          "emotion_detected": {
            "angry": 0.0010769649634312373,
            "disgust": 5.522182267014841e-07,
            "fear": 0.02320500061614439,
            "happy": 3.4301644857848146e-09,
            "sad": 99.97571110725403,
            "surprise": 3.7415296555431965e-11,
            "neutral": 9.434060643798148e-06
          },
          "gaze_info": {
            "unnormalized_gaze_point": {
              "x": 345,
              "y": 249
            },
            "gaze_target": "other"
          }
        },
        {
          "name": "Person 1",
          "emotion_detected": {
            "angry": 4.77217379924854e-12,
            "disgust": 1.382891568216832e-36,
            "fear": 97.59039878845215,
            "happy": 8.114276686452942e-19,
            "sad": 2.4095462635159492,
            "surprise": 3.389426523731608e-29,
            "neutral": 5.6905292922238004e-05
          },
          "gaze_info": {
            "unnormalized_gaze_point": {
              "x": 153,
              "y": 133
            },
            "gaze_target": "Person 2",
            "target_profile_id": 2
          }
        }
      ]
    },
    {
      "frame_identifier": "frame_018420.jpg",
      "people_in_frame": [
        {
          "name": "Person 1",
          "emotion_detected": {
            "angry": 3.6900558021517316e-11,
            "disgust": 1.3908209557070604e-36,
            "fear": 94.9141800403595,
            "happy": 2.6738724372392075e-20,
            "sad": 5.085448175668716,
            "surprise": 1.1733208617676171e-30,
            "neutral": 0.00037130357668502256
          },
          "gaze_info": {
            "unnormalized_gaze_point": {
              "x": 153,
              "y": 141
            },
            "gaze_target": "Person 2",
            "target_profile_id": 2
          }
        },
        {
          "name": "Person 2",
          "emotion_detected": {
            "angry": 0.007886524690547958,
            "disgust": 7.138928892480578e-08,
            "fear": 0.0029586231903522275,
            "happy": 3.143469040622904e-07,
            "sad": 99.98390674591064,
            "surprise": 6.850808982605816e-10,
            "neutral": 0.005242537008598447
          },
          "gaze_info": {
            "unnormalized_gaze_point": {
              "x": 285,
              "y": 245
            },
            "gaze_target": "other"
          }
        }
      ]
    },
    {
      "frame_identifier": "frame_018450.jpg",
      "people_in_frame": [
        {
          "name": "Person 1",
          "emotion_detected": {
            "angry": 6.04275129522407e-11,