{
  "session_summary": {
    "total_frames_processed": 10,
    "distinct_people_identified": {
      "1": {
        "assigned_name": "Person 1",
        "appeared_in_frame_indices": [
          0,
          1,
          2,
          3,
          4,
          5,
          6,
          7,
          8,
          9
        ]
      },
      "2": {
        "assigned_name": "Person 2",
        "appeared_in_frame_indices": [
          0,
          1,
          2,
          3,
          4,
          5,
          6,
          7,
          8,
          9
        ]
      },
      "3": {
        "assigned_name": "Person 3",
        "appeared_in_frame_indices": [
          5,
          6
        ]
      },
      "4": {
        "assigned_name": "Person 4",
        "appeared_in_frame_indices": [
          5,
          9
        ]
      }
    }
  },
  "frame_by_frame_analysis": [
    {
      "frame_identifier": "frame_013800.jpg",
      "people_in_frame": [
        {
          "name": "Person 1",
          "emotion_detected": {
            "angry": 11.6431824862957,
            "disgust": 1.8327677916984975e-09,
            "fear": 0.3388677490875125,
            "happy": 4.068819237090793e-05,
            "sad": 8.308304101228714,
            "surprise": 3.7683753895123573e-07,
            "neutral": 79.70960736274719
          },
          "gaze_info": {
            "unnormalized_gaze_point": {
              "x": 143,
              "y": 153
            },
            "gaze_target": "Person 2",
            "target_profile_id": 2
          }
        },
        {
          "name": "Person 2",
          "emotion_detected": {
            "angry": 99.85846281051636,
            "disgust": 8.327966137880449e-11,
            "fear": 0.13780631124973297,
            "happy": 7.459735940074097e-06,
            "sad": 0.0037274188798619434,
            "surprise": 5.92368543106403e-08,
            "neutral": 1.6463910096353729e-09
          },
          "gaze_info": {
            "unnormalized_gaze_point": {
              "x": 298,
              "y": 124
            },
            "gaze_target": "Person 1",
            "target_profile_id": 1
          }
        }
      ]
    },
    {
      "frame_identifier": "frame_013830.jpg",
      "people_in_frame": [
        {
          "name": "Person 1",
          "emotion_detected": {
            "angry": 4.20238959505496,
            "disgust": 2.735515102616325e-10,
            "fear": 12.548840793898153,
            "happy": 0.0013768968440093083,
            "sad": 0.08476677972364603,
            "surprise": 0.0010064988291213987,
            "neutral": 83.16162128219732
          },
          "gaze_info": {
            "unnormalized_gaze_point": {
              "x": 298,
              "y": 249
            },
            "gaze_target": "other"
          }
        },
        {
          "name": "Person 2",
          "emotion_detected": {
            "angry": 23.52166789511825,
            "disgust": 4.1418456062864865e-11,
            "fear": 62.75828328629932,
            "happy": 3.5064761133518578e-06,
            "sad": 13.719825301191175,
            "surprise": 8.601187180772916e-07,
            "neutral": 0.00020902034303006586
          },
          "gaze_info": {
            "unnormalized_gaze_point": {
              "x": 185,
              "y": 249
            },
            "gaze_target": "other"
          }
        }
      ]
    },
    {
      "frame_identifier": "frame_013860.jpg",
      "people_in_frame": [
        {
          "name": "Person 1",
          "emotion_detected": {
            "angry": 0.05498358514159918,
            "disgust": 2.6866973718048307e-19,
            "fear": 0.001024218636302976,
            "happy": 1.057672907589513e-08,
            "sad": 0.1691768760792911,
            "surprise": 2.74485885409792e-09,
            "neutral": 99.77481961250305
          },
          "gaze_info": {
            "unnormalized_gaze_point": {
              "x": 143,
              "y": 161
            },
            "gaze_target": "Person 2",
            "target_profile_id": 2
          }
        },
        {
          "name": "Person 2",
          "emotion_detected": {
            "angry": 28.105264902114868,
            "disgust": 2.545092581129893e-07,
            "fear": 54.43286895751953,
            "happy": 0.042750785360112786,
            "sad": 17.354319989681244,
            "surprise": 0.0012641598004847765,
            "neutral": 0.06353580392897129
          },
          "gaze_info": {
            "unnormalized_gaze_point": {
              "x": 292,
              "y": 124
            },
            "gaze_target": "Person 1",
            "target_profile_id": 1
          }
        }
      ]
    },
    {
      "frame_identifier": "frame_013890.jpg",
      "people_in_frame": [
        {
          "name": "Person 1",
          "emotion_detected": {
            "angry": 0.08779218887221052,
            "disgust": 9.798848828694158e-20,
            "fear": 0.0004558824823530552,
            "happy": 8.674494809771907e-09,
            "sad": 0.035272025140170735,
            "surprise": 2.618431634818834e-10,
            "neutral": 99.87647534889277
          },
          "gaze_info": {
            "unnormalized_gaze_point": {
              "x": 149,
              "y": 153
            },
            "gaze_target": "Person 2",
            "target_profile_id": 2
          }
        },
        {
          "name": "Person 2",
          "emotion_detected": {
            "angry": 0.6464970217792405,
            "disgust": 2.7458472897274367e-09,
            "fear": 99.04440635707417,
            "happy": 0.28481592259203925,
            "sad": 0.023848593958010908,
            "surprise": 0.0003153756739888742,
            "neutral": 0.0001188887452294628
          },
          "gaze_info": {
            "gaze_target": "camera"
          }
        }
      ]
    },
    {
      "frame_identifier": "frame_013920.jpg",
      "people_in_frame": [
        {
          "name": "Person 1",
          "emotion_detected": {
            "angry": 59.988945722579956,
            "disgust": 2.073132290836277e-09,
            "fear": 16.12156480550766,
            "happy": 8.8849952817327e-05,
            "sad": 1.3046003878116608,
            "surprise": 0.003090408063144423,
            "neutral": 22.581712901592255
          },
          "gaze_info": {
            "unnormalized_gaze_point": {
              "x": 137,
              "y": 173
            },
            "gaze_target": "Person 2",
            "target_profile_id": 2
          }
        },
        {
          "name": "Person 2",
          "emotion_detected": {
            "angry": 0.10947195767071591,
            "disgust": 8.141142461303786e-13,
            "fear": 2.26473020850004,
            "happy": 1.2124999505487237e-07,
            "sad": 97.62529120595998,
            "surprise": 7.31853260973134e-11,
            "neutral": 0.0005095003265438331
          },
          "gaze_info": {
            "unnormalized_gaze_point": {
              "x": 185,
              "y": 245
            },
            "gaze_target": "other"
          }
        }
      ]
    },
    {
      "frame_identifier": "frame_013950.jpg",
      "people_in_frame": [
        {
          "name": "Person 1",
          "emotion_detected": {
            "angry": 71.03993720054252,
            "disgust": 5.478916055336566e-13,
            "fear": 1.1884023212434245,
            "happy": 4.5398755907174624e-06,
            "sad": 0.5280000006705523,
            "surprise": 9.90786938678788e-10,
            "neutral": 27.243651583412383
          },
          "gaze_info": {
            "unnormalized_gaze_point": {
              "x": 143,
              "y": 165
            },
            "gaze_target": "Person 2",
            "target_profile_id": 2
          }
        },
        {
          "name": "Person 2",
          "emotion_detected": {
            "angry": 19.290436804294586,