{
  "session_summary": {
    "total_frames_processed": 10,
    "distinct_people_identified": {
      "1": {
        "assigned_name": "Person 1",
        "appeared_in_frame_indices": [
          0,
          1,
          2,
          3,
          4,
          5,
          6,
          7,
          8,
          9
        ]
      },
      "2": {
        "assigned_name": "Person 2",
        "appeared_in_frame_indices": [
          0,
          1,
          2,
          3,
          4,
          5,
          6,
          7,
          8,
          9
        ]
      }
    }
  },
  "frame_by_frame_analysis": [
    {
      "frame_identifier": "frame_006900.jpg",
      "people_in_frame": [
        {
          "name": "Person 1",
          "emotion_detected": {
            "angry": 0.0038452351873274893,
            "disgust": 3.516836751286598e-13,
            "fear": 0.0002236742147943005,
            "happy": 5.4462806486910154e-08,
            "sad": 5.288457497954369,
            "surprise": 3.975893392293983e-07,
            "neutral": 94.70747113227844
          },
          "gaze_info": {
            "unnormalized_gaze_point": {
              "x": 279,
              "y": 124
            },
            "gaze_target": "Person 2",
            "target_profile_id": 2
          }
        },
        {
          "name": "Person 2",
          "emotion_detected": {
            "angry": 88.0293235813765,
            "disgust": 6.1574184208576725e-06,
            "fear": 6.261286140833633,
            "happy": 0.07849432066760309,
            "sad": 3.491152866620167,
            "surprise": 2.087260058256482e-08,
            "neutral": 2.139742927520624
          },
          "gaze_info": {
            "unnormalized_gaze_point": {
              "x": 148,
              "y": 161
            },
            "gaze_target": "Person 1",
            "target_profile_id": 1
          }
        }
      ]
    },
    {
      "frame_identifier": "frame_006930.jpg",
      "people_in_frame": [
        {
          "name": "Person 1",
          "emotion_detected": {
            "angry": 8.349797129631042,
            "disgust": 7.457642142716381e-10,
            "fear": 0.047846228699199855,
            "happy": 2.5698936312323895e-07,
            "sad": 70.86806297302246,
            "surprise": 5.105144964545616e-05,
            "neutral": 20.734238624572754
          },
          "gaze_info": {
            "unnormalized_gaze_point": {
              "x": 188,
              "y": 253
            },
            "gaze_target": "other"
          }
        },
        {
          "name": "Person 2",
          "emotion_detected": {
            "angry": 34.14413332939148,
            "disgust": 0.6122460123151541,
            "fear": 52.93532609939575,
            "happy": 0.6324182730168104,
            "sad": 0.06694808253087103,
            "surprise": 0.006702515383949503,
            "neutral": 11.602232605218887
          },
          "gaze_info": {
            "gaze_target": "camera"
          }
        }
      ]
    },
    {
      "frame_identifier": "frame_006960.jpg",
      "people_in_frame": [
        {
          "name": "Person 1",
          "emotion_detected": {
            "angry": 0.09578464669175446,
            "disgust": 1.814151608325415e-14,
            "fear": 0.0020184506865916774,
            "happy": 5.562304089545833e-09,
            "sad": 36.56783103942871,
            "surprise": 6.884979808496894e-08,
            "neutral": 63.33436965942383
          },
          "gaze_info": {
            "unnormalized_gaze_point": {
              "x": 176,
              "y": 205
            },
            "gaze_target": "other"
          }
        },
        {
          "name": "Person 2",
          "emotion_detected": {
            "angry": 1.039157249033451,
            "disgust": 1.5954061893808102e-05,
            "fear": 33.7446391582489,
            "happy": 0.0020928824596921913,
            "sad": 59.39260125160217,
            "surprise": 8.834207143593176e-07,
            "neutral": 5.821488052606583
          },
          "gaze_info": {
            "unnormalized_gaze_point": {
              "x": 171,
              "y": 201
            },
            "gaze_target": "other"
          }
        }
      ]
    },
    {
      "frame_identifier": "frame_006990.jpg",
      "people_in_frame": [
        {
          "name": "Person 2",
          "emotion_detected": {
            "angry": 0.1393519657836536,
            "disgust": 2.174960515041517e-09,
            "fear": 51.82731460495678,
            "happy": 1.586162691365424e-05,
            "sad": 46.301504749149366,
            "surprise": 2.7233845275704753e-09,
            "neutral": 1.731815478611915
          },
          "gaze_info": {
            "unnormalized_gaze_point": {
              "x": 160,
              "y": 165
            },
            "gaze_target": "Person 1",
            "target_profile_id": 1
          }
        },
        {
          "name": "Person 1",
          "emotion_detected": {
            "angry": 0.01957106142072007,
            "disgust": 8.53613568718714e-09,
            "fear": 0.0456526962807402,
            "happy": 0.00016989529285638127,
            "sad": 33.16737115383148,
            "surprise": 0.013082235818728805,
            "neutral": 66.75415635108948
          },
          "gaze_info": {
            "unnormalized_gaze_point": {
              "x": 280,
              "y": 129
            },
            "gaze_target": "Person 2",
            "target_profile_id": 2
          }
        }
      ]
    },
    {
      "frame_identifier": "frame_007020.jpg",
      "people_in_frame": [
        {
          "name": "Person 2",
          "emotion_detected": {
            "angry": 0.06200746865943074,
            "disgust": 1.386153040005534e-15,
            "fear": 17.1275332570076,
            "happy": 3.6949375850636734e-10,
            "sad": 80.90736269950867,
            "surprise": 1.5138929064344164e-11,
            "neutral": 1.903090812265873
          },
          "gaze_info": {
            "gaze_target": "camera"
          }
        },
        {
          "name": "Person 1",
          "emotion_detected": {
            "angry": 69.90161775369856,
            "disgust": 2.1443645251133377e-08,
            "fear": 0.039429830547439225,
            "happy": 6.160688762150856,
            "sad": 0.6884056964106198,
            "surprise": 15.955481345114869,
            "neutral": 7.254383087680708
          },
          "gaze_info": {
            "unnormalized_gaze_point": {
              "x": 274,
              "y": 137
            },
            "gaze_target": "Person 2",
            "target_profile_id": 2
          }
        }
      ]
    },
    {
      "frame_identifier": "frame_007050.jpg",
      "people_in_frame": [
        {
          "name": "Person 2",
          "emotion_detected": {
            "angry": 13.5904461145401,
            "disgust": 8.304670018333127e-06,
            "fear": 46.14584147930145,
            "happy": 0.0001501860197095084,
            "sad": 35.633206367492676,
            "surprise": 3.6391266888813334e-06,
            "neutral": 4.63034063577652
          },
          "gaze_info": {
            "gaze_target": "camera"
          }
        },
        {
          "name": "Person 1",
          "emotion_detected": {
            "angry": 0.48097403574299386,
            "disgust": 4.5648679043453386e-11,
            "fear": 9.778583374192312,
            "happy": 6.554674669919843e-05,
            "sad": 89.70285180773118,
            "surprise": 0.0014577206538284723,
            "neutral": 0.03606109682859816
          },
          "gaze_info": {
            "unnormalized_gaze_point": {
              "x": 266,
              "y": 133
            },
            "gaze_target": "Person 2",
            "target_profile_id": 2
          }
        }
      ]
    },
    {
      "frame_identifier": "frame_007080.jpg",