{
  "session_summary": {
    "total_frames_processed": 10,
    "distinct_people_identified": {
      "1": {
        "assigned_name": "Person 1",
        "appeared_in_frame_indices": [
          0,
          1,
          2,
          3,
          4,
          5,
          6,
          7,
          8,
          9
        ]
      },
      "2": {
        "assigned_name": "Person 2",
        "appeared_in_frame_indices": [
          0,
          1,
          2,
          3,
          4,
          5,
          6,
          7,
          8,
          9
        ]
      },
      "3": {
        "assigned_name": "Person 3",
        "appeared_in_frame_indices": [
          0,
          2,
          3
        ]
      },
      "4": {
        "assigned_name": "Person 4",
        "appeared_in_frame_indices": [
          6,
          7
        ]
      }
    }
  },
  "frame_by_frame_analysis": [
    {
      "frame_identifier": "frame_008400.jpg",
      "people_in_frame": [
        {
          "name": "Person 1",
          "emotion_detected": {
            "angry": 0.019381631864234805,
            "disgust": 7.916520737560884e-10,
            "fear": 0.0017048932932084426,
            "happy": 0.0012348762538749725,
            "sad": 99.9637246131897,
            "surprise": 2.810213728388078e-08,
            "neutral": 0.013954954920336604
          },
          "gaze_info": {
            "unnormalized_gaze_point": {
              "x": 140,
              "y": 157
            },
            "gaze_target": "other"
          }
        },
        {
          "name": "Person 2",
          "emotion_detected": {
            "angry": 0.7381912786513567,
            "disgust": 3.563702866792836e-24,
            "fear": 77.20627188682556,
            "happy": 7.02554334153227e-10,
            "sad": 0.013800107990391552,
            "surprise": 2.824055915265594e-13,
            "neutral": 22.04173654317856
          },
          "gaze_info": {
            "unnormalized_gaze_point": {
              "x": 140,
              "y": 157
            },
            "gaze_target": "Person 1",
            "target_profile_id": 1
          }
        },
        {
          "name": "Person 3",
          "emotion_detected": {
            "angry": 0.00011495884330735362,
            "disgust": 9.464781995623696e-09,
            "fear": 78.14075611343907,
            "happy": 13.67934630163356,
            "sad": 5.856572883537664,
            "surprise": 0.31939729500296177,
            "neutral": 2.00380901201856
          },
          "gaze_info": {
            "unnormalized_gaze_point": {
              "x": 129,
              "y": 141
            },
            "gaze_target": "Person 1",
            "target_profile_id": 1
          }
        }
      ]
    },
    {
      "frame_identifier": "frame_008430.jpg",
      "people_in_frame": [
        {
          "name": "Person 1",
          "emotion_detected": {
            "angry": 0.16554786125198007,
            "disgust": 4.3697995222302666e-08,
            "fear": 0.013877142919227481,
            "happy": 0.30324822291731834,
            "sad": 89.04507756233215,
            "surprise": 1.1653199516459267e-07,
            "neutral": 10.47225296497345
          },
          "gaze_info": {
            "unnormalized_gaze_point": {
              "x": 140,
              "y": 185
            },
            "gaze_target": "other"
          }
        },
        {
          "name": "Person 2",
          "emotion_detected": {
            "angry": 0.31857319103798976,
            "disgust": 3.264265669182121e-24,
            "fear": 84.9667090217222,
            "happy": 3.1354184171489395e-10,
            "sad": 0.015611768643552078,
            "surprise": 1.492310515388349e-13,
            "neutral": 14.699101185905793
          },
          "gaze_info": {
            "unnormalized_gaze_point": {
              "x": 140,
              "y": 153
            },
            "gaze_target": "Person 1",
            "target_profile_id": 1
          }
        }
      ]
    },
    {
      "frame_identifier": "frame_008460.jpg",
      "people_in_frame": [
        {
          "name": "Person 2",
          "emotion_detected": {
            "angry": 0.0009615994950206814,
            "disgust": 6.029558345774203e-27,
            "fear": 98.60452992970109,
            "happy": 8.868921195482507e-12,
            "sad": 0.001652817278807621,
            "surprise": 7.731439731510874e-15,
            "neutral": 1.3928573376366302
          },
          "gaze_info": {
            "unnormalized_gaze_point": {
              "x": 139,
              "y": 157
            },
            "gaze_target": "Person 1",
            "target_profile_id": 1
          }
        },
        {
          "name": "Person 1",
          "emotion_detected": {
            "angry": 0.01364722556900233,
            "disgust": 2.752946134942924e-09,
            "fear": 0.03223612438887358,
            "happy": 0.004926025212625973,
            "sad": 98.49331974983215,
            "surprise": 1.9962171915466342e-07,
            "neutral": 1.4558791182935238
          },
          "gaze_info": {
            "unnormalized_gaze_point": {
              "x": 139,
              "y": 185
            },
            "gaze_target": "other"
          }
        },
        {
          "name": "Person 3",
          "emotion_detected": {
            "angry": 1.3842311234083999e-05,
            "disgust": 6.738081767272223e-12,
            "fear": 0.6087970351455828,
            "happy": 2.569616925395544,
            "sad": 0.00022779028306873806,
            "surprise": 96.82122450001386,
            "neutral": 0.00012170616671586262
          },
          "gaze_info": {
            "unnormalized_gaze_point": {
              "x": 53,
              "y": 80
            },
            "gaze_target": "Person 1",
            "target_profile_id": 1
          }
        }
      ]
    },
    {
      "frame_identifier": "frame_008490.jpg",
      "people_in_frame": [
        {
          "name": "Person 1",
          "emotion_detected": {
            "angry": 0.0006293342187237135,
            "disgust": 6.618438396998834e-10,
            "fear": 0.024809235788687215,
            "happy": 0.00046837379222356036,
            "sad": 99.794757353947,
            "surprise": 1.750401733529003e-08,
            "neutral": 0.17933946706142825
          },
          "gaze_info": {
            "unnormalized_gaze_point": {
              "x": 139,
              "y": 177
            },
            "gaze_target": "other"
          }
        },
        {
          "name": "Person 2",
          "emotion_detected": {
            "angry": 0.0003443627791636407,
            "disgust": 1.9054093474613068e-29,
            "fear": 98.4829010387777,
            "happy": 4.572007489149499e-14,
            "sad": 0.004213770305516572,
            "surprise": 4.813860546137316e-16,
            "neutral": 1.5125355742829354
          },
          "gaze_info": {
            "gaze_target": "camera"
          }
        },
        {
          "name": "Person 3",
          "emotion_detected": {
            "angry": 0.002098944912683195,
            "disgust": 3.4367543955415542e-12,
            "fear": 68.8207130921312,
            "happy": 29.345976075290206,
            "sad": 0.000862554458334097,
            "surprise": 1.830351834318151,
            "neutral": 1.2439625072077394e-08
          },
          "gaze_info": {
            "unnormalized_gaze_point": {
              "x": 139,
              "y": 157
            },
            "gaze_target": "Person 1",
            "target_profile_id": 1
          }
        }
      ]
    },
    {
      "frame_identifier": "frame_008520.jpg",
      "people_in_frame": [
        {
          "name": "Person 2",
          "emotion_detected": {
            "angry": 0.00047539260776829906,
            "disgust": 1.4013957123755299e-30,
            "fear": 90.72778224945068,