{
  "session_summary": {
    "total_frames_processed": 10,
    "distinct_people_identified": {
      "1": {
        "assigned_name": "Person 1",
        "appeared_in_frame_indices": [
          0,
          1,
          2,
          3,
          4,
          5,
          6,
          7,
          8,
          9
        ]
      },
      "2": {
        "assigned_name": "Person 2",
        "appeared_in_frame_indices": [
          6,
          7,
          8,
          9
        ]
      }
    }
  },
  "frame_by_frame_analysis": [
    {
      "frame_identifier": "frame_000000.jpg",
      "people_in_frame": [
        {
          "name": "Person 1",
          "emotion_detected": {
            "angry": 69.08957134609564,
            "disgust": 3.7552165785677996e-07,
            "fear": 4.098820197722889,
            "happy": 1.7507558464102928,
            "sad": 5.762300698482907,
            "surprise": 0.23243883182092526,
            "neutral": 19.066106490360916
          },
          "gaze_info": {
            "unnormalized_gaze_point": {
              "x": 179,
              "y": 169
            },
            "gaze_target": "other"
          }
        }
      ]
    },
    {
      "frame_identifier": "frame_000030.jpg",
      "people_in_frame": [
        {
          "name": "Person 1",
          "emotion_detected": {
            "angry": 2.317836694419384,
            "disgust": 1.2862736431529243e-07,
            "fear": 26.434046030044556,
            "happy": 12.128511816263199,
            "sad": 0.5689052399247885,
            "surprise": 1.865890994668007,
            "neutral": 56.684809923172
          },
          "gaze_info": {
            "unnormalized_gaze_point": {
              "x": 161,
              "y": 177
            },
            "gaze_target": "other"
          }
        }
      ]
    },
    {
      "frame_identifier": "frame_000060.jpg",
      "people_in_frame": [
        {
          "name": "Person 1",
          "emotion_detected": {
            "angry": 2.880765669391493,
            "disgust": 6.002497745801354e-08,
            "fear": 45.33813866008155,
            "happy": 25.602673030058924,
            "sad": 1.3666178914378817,
            "surprise": 0.7167336492528706,
            "neutral": 24.095076268617884
          },
          "gaze_info": {
            "unnormalized_gaze_point": {
              "x": 167,
              "y": 173
            },
            "gaze_target": "other"
          }
        }
      ]
    },
    {
      "frame_identifier": "frame_000090.jpg",
      "people_in_frame": [
        {
          "name": "Person 1",
          "emotion_detected": {
            "angry": 0.29791861306875944,
            "disgust": 7.352646269609409e-09,
            "fear": 59.902673959732056,
            "happy": 12.494104355573654,
            "sad": 0.6104966625571251,
            "surprise": 0.152527482714504,
            "neutral": 26.542282104492188
          },
          "gaze_info": {
            "unnormalized_gaze_point": {
              "x": 167,
              "y": 161
            },
            "gaze_target": "other"
          }
        }
      ]
    },
    {
      "frame_identifier": "frame_000120.jpg",
      "people_in_frame": [
        {
          "name": "Person 1",
          "emotion_detected": {
            "angry": 0.0817673048004508,
            "disgust": 1.3905788846801936e-09,
            "fear": 38.70592415332794,
            "happy": 15.44361412525177,
            "sad": 0.29295741114765406,
            "surprise": 0.019029888790100813,
            "neutral": 45.45670747756958
          },
          "gaze_info": {
            "unnormalized_gaze_point": {
              "x": 167,
              "y": 161
            },
            "gaze_target": "other"
          }
        }
      ]
    },
    {
      "frame_identifier": "frame_000150.jpg",
      "people_in_frame": [
        {
          "name": "Person 1",
          "emotion_detected": {
            "angry": 0.04090499038420503,
            "disgust": 4.831439210536231e-10,
            "fear": 33.10013211967136,
            "happy": 17.68717976655719,
            "sad": 0.3881971348908108,
            "surprise": 0.019355907840706597,
            "neutral": 48.76423463395055
          },
          "gaze_info": {
            "unnormalized_gaze_point": {
              "x": 155,
              "y": 177
            },
            "gaze_target": "other"
          }
        }
      ]
    },
    {
      "frame_identifier": "frame_000180.jpg",
      "people_in_frame": [
        {
          "name": "Person 1",
          "emotion_detected": {
            "angry": 0.060297838441912714,
            "disgust": 2.377857523027652e-09,
            "fear": 83.69606331633767,
            "happy": 0.7294688901193273,
            "sad": 1.3740455025082228,
            "surprise": 0.019409502288870242,
            "neutral": 14.120709702883994
          },
          "gaze_info": {
            "unnormalized_gaze_point": {
              "x": 149,
              "y": 165
            },
            "gaze_target": "Person 2",
            "target_profile_id": 2
          }
        },
        {
          "name": "Person 2",
          "emotion_detected": {
            "angry": 0.004207579331705347,
            "disgust": 2.690018668834995e-13,
            "fear": 98.42677712440491,
            "happy": 0.00011965502153543639,
            "sad": 0.03728028677869588,
            "surprise": 1.5308739617466927,
            "neutral": 0.0007373198513960233
          },
          "gaze_info": {
            "unnormalized_gaze_point": {
              "x": 191,
              "y": 253
            },
            "gaze_target": "other"
          }
        }
      ]
    },
    {
      "frame_identifier": "frame_000210.jpg",
      "people_in_frame": [
        {
          "name": "Person 1",
          "emotion_detected": {
            "angry": 1.1158412721265878,
            "disgust": 1.1171602302452914e-09,
            "fear": 55.30501667320927,
            "happy": 4.6333091268907936,
            "sad": 2.187343202512646,
            "surprise": 0.06501076470257518,
            "neutral": 36.69348498505175
          },
          "gaze_info": {
            "unnormalized_gaze_point": {
              "x": 125,
              "y": 165
            },
            "gaze_target": "Person 2",
            "target_profile_id": 2
          }
        },
        {
          "name": "Person 2",
          "emotion_detected": {
            "angry": 0.02767825499176979,
            "disgust": 2.20398112815707e-22,
            "fear": 9.248452633619308,
            "happy": 47.63484001159668,
            "sad": 43.01043748855591,
            "surprise": 0.0654087692964822,
            "neutral": 0.013189994206186384
          },
          "gaze_info": {
            "unnormalized_gaze_point": {
              "x": 185,
              "y": 249
            },
            "gaze_target": "other"
          }
        }
      ]
    },
    {
      "frame_identifier": "frame_000240.jpg",
      "people_in_frame": [
        {
          "name": "Person 1",
          "emotion_detected": {
            "angry": 58.298942941364224,
            "disgust": 4.375180220860058e-12,
            "fear": 0.30386959616807674,
            "happy": 1.1601790359379446e-08,
            "sad": 31.533144803830673,
            "surprise": 0.2669953667444209,
            "neutral": 9.597047245326474
          },
          "gaze_info": {
            "unnormalized_gaze_point": {
              "x": 131,
              "y": 161
            },
            "gaze_target": "Person 2",
            "target_profile_id": 2
          }
        },
        {
          "name": "Person 2",
          "emotion_detected": {
            "angry": 2.2180670331756493,
            "disgust": 1.0943864324782127e-13,
            "fear": 0.298704899956578,
            "happy": 30.465884832494545,
            "sad": 61.192879747920024,