{
  "session_summary": {
    "total_frames_processed": 10,
    "distinct_people_identified": {
      "1": {
        "assigned_name": "Person 1",
        "appeared_in_frame_indices": [
          0,
          1,
          2,
          3,
          4,
          5,
          6,
          7,
          8,
          9
        ]
      },
      "2": {
        "assigned_name": "Person 2",
        "appeared_in_frame_indices": [
          0,
          1,
          2,
          3,
          4,
          5,
          6,
          7,
          8,
          9
        ]
      },
      "3": {
        "assigned_name": "Person 3",
        "appeared_in_frame_indices": [
          0,
          6,
          8,
          9
        ]
      }
    }
  },
  "frame_by_frame_analysis": [
    {
      "frame_identifier": "frame_012000.jpg",
      "people_in_frame": [
        {
          "name": "Person 1",
          "emotion_detected": {
            "angry": 12.13160080502038,
            "disgust": 1.2820130270735922e-09,
            "fear": 68.00088095670229,
            "happy": 8.274870865469794e-09,
            "sad": 7.47500851601413,
            "surprise": 2.832369885365727e-06,
            "neutral": 12.392510467321305
          },
          "gaze_info": {
            "unnormalized_gaze_point": {
              "x": 144,
              "y": 153
            },
            "gaze_target": "Person 2",
            "target_profile_id": 2
          }
        },
        {
          "name": "Person 2",
          "emotion_detected": {
            "angry": 0.030130333517042276,
            "disgust": 1.4381943573005893e-09,
            "fear": 0.08959451902834845,
            "happy": 5.69001986532177e-05,
            "sad": 99.810802959108,
            "surprise": 5.3096788897617155e-05,
            "neutral": 0.06935818574591747
          },
          "gaze_info": {
            "unnormalized_gaze_point": {
              "x": 294,
              "y": 129
            },
            "gaze_target": "Person 1",
            "target_profile_id": 1
          }
        },
        {
          "name": "Person 3",
          "emotion_detected": {
            "angry": 0.0016555409351872465,
            "disgust": 2.5051162638649653e-07,
            "fear": 6.176688517730744,
            "happy": 0.07041244954466519,
            "sad": 0.0002718146495805239,
            "surprise": 93.75094138091453,
            "neutral": 2.9715393518406953e-05
          },
          "gaze_info": {
            "unnormalized_gaze_point": {
              "x": 144,
              "y": 157
            },
            "gaze_target": "Person 1",
            "target_profile_id": 1
          }
        }
      ]
    },
    {
      "frame_identifier": "frame_012030.jpg",
      "people_in_frame": [
        {
          "name": "Person 1",
          "emotion_detected": {
            "angry": 0.5254989803134787,
            "disgust": 2.7035222461632653e-10,
            "fear": 94.14214456928639,
            "happy": 8.390662254930125e-11,
            "sad": 4.369646571257506,
            "surprise": 1.253513922991352e-07,
            "neutral": 0.9627117417878951
          },
          "gaze_info": {
            "unnormalized_gaze_point": {
              "x": 156,
              "y": 157
            },
            "gaze_target": "Person 2",
            "target_profile_id": 2
          }
        },
        {
          "name": "Person 2",
          "emotion_detected": {
            "angry": 8.736241584620828e-07,
            "disgust": 2.2240484210326996e-15,
            "fear": 64.41321160872052,
            "happy": 0.002857037713728299,
            "sad": 4.792654054919127,
            "surprise": 10.443355765542732,
            "neutral": 20.34792425322081
          },
          "gaze_info": {
            "unnormalized_gaze_point": {
              "x": 180,
              "y": 249
            },
            "gaze_target": "other"
          }
        }
      ]
    },
    {
      "frame_identifier": "frame_012060.jpg",
      "people_in_frame": [
        {
          "name": "Person 1",
          "emotion_detected": {
            "angry": 1.6087336465716362,
            "disgust": 1.5199808078847354e-08,
            "fear": 91.59848093986511,
            "happy": 1.1884083127300382e-09,
            "sad": 5.0824955105781555,
            "surprise": 4.832770272855669e-06,
            "neutral": 1.7102885991334915
          },
          "gaze_info": {
            "unnormalized_gaze_point": {
              "x": 330,
              "y": 245
            },
            "gaze_target": "other"
          }
        },
        {
          "name": "Person 2",
          "emotion_detected": {
            "angry": 0.0029379361808792833,
            "disgust": 3.732132603370512e-08,
            "fear": 68.4122066743497,
            "happy": 0.024136078702014906,
            "sad": 25.619690157156597,
            "surprise": 0.035638341010412036,
            "neutral": 5.905390137755283
          },
          "gaze_info": {
            "unnormalized_gaze_point": {
              "x": 180,
              "y": 249
            },
            "gaze_target": "other"
          }
        }
      ]
    },
    {
      "frame_identifier": "frame_012090.jpg",
      "people_in_frame": [
        {
          "name": "Person 1",
          "emotion_detected": {
            "angry": 0.8486119098961353,
            "disgust": 2.7114685496876234e-08,
            "fear": 81.92611336708069,
            "happy": 2.7387148104907055e-08,
            "sad": 12.730737030506134,
            "surprise": 1.2892060397007299e-05,
            "neutral": 4.494531080126762
          },
          "gaze_info": {
            "unnormalized_gaze_point": {
              "x": 330,
              "y": 245
            },
            "gaze_target": "other"
          }
        },
        {
          "name": "Person 2",
          "emotion_detected": {
            "angry": 2.511421541839809e-05,
            "disgust": 4.456319215448087e-14,
            "fear": 98.27103018760681,
            "happy": 0.007836993609089404,
            "sad": 1.72109454870224,
            "surprise": 1.1432369007025045e-05,
            "neutral": 1.5342724424272092e-06
          },
          "gaze_info": {
            "gaze_target": "camera"
          }
        }
      ]
    },
    {
      "frame_identifier": "frame_012120.jpg",
      "people_in_frame": [
        {
          "name": "Person 1",
          "emotion_detected": {
            "angry": 0.6810424968847636,
            "disgust": 1.2772175571160828e-06,
            "fear": 92.868990556122,
            "happy": 2.3930421456087104e-07,
            "sad": 5.262354879098549,
            "surprise": 0.0002872276694256424,
            "neutral": 1.1873197257733672
          },
          "gaze_info": {
            "unnormalized_gaze_point": {
              "x": 329,
              "y": 245
            },
            "gaze_target": "other"
          }
        },
        {
          "name": "Person 2",
          "emotion_detected": {
            "angry": 6.74055814743042,
            "disgust": 5.086256241892571e-13,
            "fear": 0.348140811547637,
            "happy": 6.586068366232212e-05,
            "sad": 92.68380403518677,
            "surprise": 2.863888466653197e-09,
            "neutral": 0.2274366095662117
          },
          "gaze_info": {
            "unnormalized_gaze_point": {
              "x": 143,
              "y": 177
            },
            "gaze_target": "Person 1",
            "target_profile_id": 1
          }
        }
      ]
    },
    {
      "frame_identifier": "frame_012150.jpg",
      "people_in_frame": [
        {
          "name": "Person 1",
          "emotion_detected": {
            "angry": 2.1743417515566055,
            "disgust": 5.022310633225333e-06,
            "fear": 95.37833873967394,
            "happy": 4.013367894608706e-08,
            "sad": 1.8750692159019966,
            "surprise": 0.0009410594642272791,